step,mid_price,spread_bps,trade_count,total_volume,sentiment,epistemic_uncertainty,aleatoric_uncertainty,regime,retail_sentiment,institutional_sentiment,divergence,asri_alert_level,is_high_divergence,macro_weight,micro_weight,source
0,42001.7065782345,16.413347585452403,2,0.18919998806403804,0.20316407553553217,0.19241535237857274,0.5087525231187995,neutral,0.3082127571105957,-0.14951570291146757,0.45772846002206324,elevated,True,0.22950000000000004,0.7705,multi_scale
1,42003.000973290546,15.796507219849767,6,0.5528262679263031,0.20316407553553217,0.19241535237857274,0.5087525231187995,neutral,0.3082127571105957,-0.14951570291146757,0.45772846002206324,elevated,True,0.22950000000000004,0.7705,multi_scale
2,42001.915871055615,15.280223535557264,8,0.7266353233768064,0.20316407553553217,0.19241535237857274,0.5087525231187995,neutral,0.3082127571105957,-0.14951570291146757,0.45772846002206324,elevated,True,0.22950000000000004,0.7705,multi_scale
3,41998.4172148628,13.615406900922727,9,0.8170816047110165,0.20316407553553217,0.19241535237857274,0.5087525231187995,neutral,0.3082127571105957,-0.14951570291146757,0.45772846002206324,elevated,True,0.22950000000000004,0.7705,multi_scale
4,41998.4172148628,13.615406900922727,11,0.9208815572058732,0.20316407553553217,0.19241535237857274,0.5087525231187995,neutral,0.3082127571105957,-0.14951570291146757,0.45772846002206324,elevated,True,0.22950000000000004,0.7705,multi_scale
5,41998.4172148628,13.615406900922727,12,0.9519508131601211,0.20316407553553217,0.19241535237857274,0.5087525231187995,neutral,0.3082127571105957,-0.14951570291146757,0.45772846002206324,elevated,True,0.22950000000000004,0.7705,multi_scale
6,41998.4172148628,13.615406900922727,13,1.0034544962313194,0.20316407553553217,0.19241535237857274,0.5087525231187995,neutral,0.3082127571105957,-0.14951570291146757,0.45772846002206324,elevated,True,0.22950000000000004,0.7705,multi_scale
7,41998.56614201912,13.68627873527415,18,1.4718174141165397,0.20316407553553217,0.19241535237857274,0.5087525231187995,neutral,0.3082127571105957,-0.14951570291146757,0.45772846002206324,elevated,True,0.22950000000000004,0.7705,multi_scale
8,42001.06792890689,12.494166715819102,21,1.9571705331447018,0.20316407553553217,0.19241535237857274,0.5087525231187995,neutral,0.3082127571105957,-0.14951570291146757,0.45772846002206324,elevated,True,0.22950000000000004,0.7705,multi_scale
9,42009.6065858226,9.88075640596106,23,2.0993749664349695,0.20316407553553217,0.19241535237857274,0.5087525231187995,neutral,0.3082127571105957,-0.14951570291146757,0.45772846002206324,elevated,True,0.22950000000000004,0.7705,multi_scale
10,42016.861648728765,6.425644864162379,24,2.1309349354706812,0.20316407553553217,0.19241535237857274,0.5087525231187995,neutral,0.3082127571105957,-0.14951570291146757,0.45772846002206324,elevated,True,0.22950000000000004,0.7705,multi_scale
11,42021.151666420454,4.383151582562163,25,2.274002923165508,0.20316407553553217,0.19241535237857274,0.5087525231187995,neutral,0.3082127571105957,-0.14951570291146757,0.45772846002206324,elevated,True,0.22950000000000004,0.7705,multi_scale
12,42026.302364938434,1.9314358508921539,27,2.426424711657901,0.20316407553553217,0.19241535237857274,0.5087525231187995,neutral,0.3082127571105957,-0.14951570291146757,0.45772846002206324,elevated,True,0.22950000000000004,0.7705,multi_scale
13,42026.302364938434,1.9314358508921539,27,2.426424711657901,0.20316407553553217,0.19241535237857274,0.5087525231187995,neutral,0.3082127571105957,-0.14951570291146757,0.45772846002206324,elevated,True,0.22950000000000004,0.7705,multi_scale
14,42026.302364938434,1.9314358508921539,29,2.56143072892553,0.20316407553553217,0.19241535237857274,0.5087525231187995,neutral,0.3082127571105957,-0.14951570291146757,0.45772846002206324,elevated,True,0.22950000000000004,0.7705,multi_scale
15,42026.95479472549,2.241887456978031,32,2.8011511732345995,0.20316407553553217,0.19241535237857274,0.5087525231187995,neutral,0.3082127571105957,-0.14951570291146757,0.45772846002206324,elevated,True,0.22950000000000004,0.7705,multi_scale
16,42028.85393672905,1.3380536814734714,35,3.031087225901483,0.20316407553553217,0.19241535237857274,0.5087525231187995,neutral,0.3082127571105957,-0.14951570291146757,0.45772846002206324,elevated,True,0.22950000000000004,0.7705,multi_scale
17,42029.283043526855,1.54223422338936,38,3.6431328870688477,0.20316407553553217,0.19241535237857274,0.5087525231187995,neutral,0.3082127571105957,-0.14951570291146757,0.45772846002206324,elevated,True,0.22950000000000004,0.7705,multi_scale
18,42031.109051144595,2.411051084225444,45,4.61514050584841,0.20316407553553217,0.19241535237857274,0.5087525231187995,neutral,0.3082127571105957,-0.14951570291146757,0.45772846002206324,elevated,True,0.22950000000000004,0.7705,multi_scale
19,42034.02104679607,3.7964263257336293,52,5.5338713942138655,0.20316407553553217,0.19241535237857274,0.5087525231187995,neutral,0.3082127571105957,-0.14951570291146757,0.45772846002206324,elevated,True,0.22950000000000004,0.7705,multi_scale
20,42034.83880759691,4.185439627844908,57,6.483488186929513,0.44666080133318536,0.18228967713990382,0.5355764014070685,neutral,0.624237060546875,-0.14951570291146757,0.7737527634583425,elevated,True,0.22950000000000004,0.7705,multi_scale
21,42038.88436053032,2.260364966213768,62,7.015985151319652,0.44666080133318536,0.18228967713990382,0.5355764014070685,neutral,0.624237060546875,-0.14951570291146757,0.7737527634583425,elevated,True,0.22950000000000004,0.7705,multi_scale
22,42038.88436053032,2.260364966213768,63,7.1362885136649945,0.44666080133318536,0.18228967713990382,0.5355764014070685,neutral,0.624237060546875,-0.14951570291146757,0.7737527634583425,elevated,True,0.22950000000000004,0.7705,multi_scale
23,42038.88436053032,2.260364966213768,66,7.452875173994015,0.44666080133318536,0.18228967713990382,0.5355764014070685,neutral,0.624237060546875,-0.14951570291146757,0.7737527634583425,elevated,True,0.22950000000000004,0.7705,multi_scale
24,42038.937847256915,2.234915811543625,71,7.915868516560464,0.44666080133318536,0.18228967713990382,0.5355764014070685,neutral,0.624237060546875,-0.14951570291146757,0.7737527634583425,elevated,True,0.22950000000000004,0.7705,multi_scale
25,42042.63503457564,0.4759392579551758,71,7.915868516560464,0.44666080133318536,0.18228967713990382,0.5355764014070685,neutral,0.624237060546875,-0.14951570291146757,0.7737527634583425,elevated,True,0.22950000000000004,0.7705,multi_scale
26,42042.63503457564,0.4759392579551758,75,8.569916096342066,0.44666080133318536,0.18228967713990382,0.5355764014070685,neutral,0.624237060546875,-0.14951570291146757,0.7737527634583425,elevated,True,0.22950000000000004,0.7705,multi_scale
27,42042.70028329883,0.5069777830870246,79,9.305741812496445,0.44666080133318536,0.18228967713990382,0.5355764014070685,neutral,0.624237060546875,-0.14951570291146757,0.7737527634583425,elevated,True,0.22950000000000004,0.7705,multi_scale
28,42042.70957832627,0.5113993781344016,84,10.007925734948053,0.44666080133318536,0.18228967713990382,0.5355764014070685,neutral,0.624237060546875,-0.14951570291146757,0.7737527634583425,elevated,True,0.22950000000000004,0.7705,multi_scale
29,42043.96181856576,1.1070655168992742,89,10.78047186464112,0.44666080133318536,0.18228967713990382,0.5355764014070685,neutral,0.624237060546875,-0.14951570291146757,0.7737527634583425,elevated,True,0.22950000000000004,0.7705,multi_scale
30,42041.03391594575,2.804170129675608,93,11.444923056375835,0.44666080133318536,0.18228967713990382,0.5355764014070685,neutral,0.624237060546875,-0.14951570291146757,0.7737527634583425,elevated,True,0.22950000000000004,0.7705,multi_scale
31,42043.936828161415,1.4230819406601678,95,11.678954700093223,0.44666080133318536,0.18228967713990382,0.5355764014070685,neutral,0.624237060546875,-0.14951570291146757,0.7737527634583425,elevated,True,0.22950000000000004,0.7705,multi_scale
32,42043.936828161415,1.4230819406601678,95,11.678954700093223,0.44666080133318536,0.18228967713990382,0.5355764014070685,neutral,0.624237060546875,-0.14951570291146757,0.7737527634583425,elevated,True,0.22950000000000004,0.7705,multi_scale
33,42043.936828161415,1.4230819406601678,96,11.782456795778335,0.44666080133318536,0.18228967713990382,0.5355764014070685,neutral,0.624237060546875,-0.14951570291146757,0.7737527634583425,elevated,True,0.22950000000000004,0.7705,multi_scale
34,42043.936828161415,1.4230819406601678,97,11.870672426506266,0.44666080133318536,0.18228967713990382,0.5355764014070685,neutral,0.624237060546875,-0.14951570291146757,0.7737527634583425,elevated,True,0.22950000000000004,0.7705,multi_scale
35,42042.75689455966,1.9844236061588918,104,12.507062494800696,0.44666080133318536,0.18228967713990382,0.5355764014070685,neutral,0.624237060546875,-0.14951570291146757,0.7737527634583425,elevated,True,0.22950000000000004,0.7705,multi_scale
36,42042.86165363954,2.034253080862181,107,12.763796196745215,0.44666080133318536,0.18228967713990382,0.5355764014070685,neutral,0.624237060546875,-0.14951570291146757,0.7737527634583425,elevated,True,0.22950000000000004,0.7705,multi_scale
37,42043.85601657556,1.5611927245895678,110,13.087064211660191,0.44666080133318536,0.18228967713990382,0.5355764014070685,neutral,0.624237060546875,-0.14951570291146757,0.7737527634583425,elevated,True,0.22950000000000004,0.7705,multi_scale
38,42046.529770659385,0.8059854453523357,114,13.329478848225706,0.44666080133318536,0.18228967713990382,0.5355764014070685,neutral,0.624237060546875,-0.14951570291146757,0.7737527634583425,elevated,True,0.22950000000000004,0.7705,multi_scale
39,42049.836132947676,2.3785143055604876,117,13.940148452630119,0.44666080133318536,0.18228967713990382,0.5355764014070685,neutral,0.624237060546875,-0.14951570291146757,0.7737527634583425,elevated,True,0.22950000000000004,0.7705,multi_scale
40,42052.61354142975,1.0574364683279904,119,14.04693447179372,0.18571511822640532,0.1970844188971179,0.5680853571675041,neutral,0.2855664789676666,-0.14951570291146757,0.43508218187913417,elevated,True,0.22950000000000004,0.7705,multi_scale
41,42053.25144731283,0.7540403748652106,123,14.599110469607863,0.18571511822640532,0.1970844188971179,0.5680853571675041,neutral,0.2855664789676666,-0.14951570291146757,0.43508218187913417,elevated,True,0.22950000000000004,0.7705,multi_scale
42,42056.70921197678,0.5153295262581505,124,14.63033996409404,0.18571511822640532,0.1970844188971179,0.5680853571675041,neutral,0.2855664789676666,-0.14951570291146757,0.43508218187913417,elevated,True,0.22950000000000004,0.7705,multi_scale
43,42058.86268637731,1.5393319721383638,126,15.234470453110793,0.18571511822640532,0.1970844188971179,0.5680853571675041,neutral,0.2855664789676666,-0.14951570291146757,0.43508218187913417,elevated,True,0.22950000000000004,0.7705,multi_scale
44,42061.01000468324,2.560302716254621,128,15.816446550566607,0.18571511822640532,0.1970844188971179,0.5680853571675041,neutral,0.2855664789676666,-0.14951570291146757,0.43508218187913417,elevated,True,0.22950000000000004,0.7705,multi_scale
45,42061.01000468324,2.560302716254621,129,15.933893136557971,0.18571511822640532,0.1970844188971179,0.5680853571675041,neutral,0.2855664789676666,-0.14951570291146757,0.43508218187913417,elevated,True,0.22950000000000004,0.7705,multi_scale
46,42060.97558687489,2.576670484172392,132,16.246271469042597,0.18571511822640532,0.1970844188971179,0.5680853571675041,neutral,0.2855664789676666,-0.14951570291146757,0.43508218187913417,elevated,True,0.22950000000000004,0.7705,multi_scale
47,42060.97558687489,2.576670484172392,133,16.41539471895307,0.18571511822640532,0.1970844188971179,0.5680853571675041,neutral,0.2855664789676666,-0.14951570291146757,0.43508218187913417,elevated,True,0.22950000000000004,0.7705,multi_scale
48,42060.97558687489,2.576670484172392,135,16.541737645592153,0.18571511822640532,0.1970844188971179,0.5680853571675041,neutral,0.2855664789676666,-0.14951570291146757,0.43508218187913417,elevated,True,0.22950000000000004,0.7705,multi_scale
49,42060.97558687489,2.576670484172392,136,16.61062566158319,0.18571511822640532,0.1970844188971179,0.5680853571675041,neutral,0.2855664789676666,-0.14951570291146757,0.43508218187913417,elevated,True,0.22950000000000004,0.7705,multi_scale
50,42060.97558687489,2.576670484172392,136,16.61062566158319,0.18571511822640532,0.1970844188971179,0.5680853571675041,neutral,0.2855664789676666,-0.14951570291146757,0.43508218187913417,elevated,True,0.22950000000000004,0.7705,multi_scale
51,42063.55370892725,3.8023348308612936,141,17.162310590442225,0.18571511822640532,0.1970844188971179,0.5680853571675041,neutral,0.2855664789676666,-0.14951570291146757,0.43508218187913417,elevated,True,0.22950000000000004,0.7705,multi_scale
52,42064.66480337263,3.2739551619713803,142,17.21180897891997,0.18571511822640532,0.1970844188971179,0.5680853571675041,neutral,0.2855664789676666,-0.14951570291146757,0.43508218187913417,elevated,True,0.22950000000000004,0.7705,multi_scale
53,42066.26134088548,2.5147724765759425,142,17.21180897891997,0.18571511822640532,0.1970844188971179,0.5680853571675041,neutral,0.2855664789676666,-0.14951570291146757,0.43508218187913417,elevated,True,0.22950000000000004,0.7705,multi_scale
54,42067.05953956267,2.135236064796489,144,17.42733140737294,0.18571511822640532,0.1970844188971179,0.5680853571675041,neutral,0.2855664789676666,-0.14951570291146757,0.43508218187913417,elevated,True,0.22950000000000004,0.7705,multi_scale
55,42067.675219208984,1.8424956772303271,146,17.591949659729696,0.18571511822640532,0.1970844188971179,0.5680853571675041,neutral,0.2855664789676666,-0.14951570291146757,0.43508218187913417,elevated,True,0.22950000000000004,0.7705,multi_scale
56,42071.44558876514,0.04996544782216294,148,17.748436985581435,0.18571511822640532,0.1970844188971179,0.5680853571675041,neutral,0.2855664789676666,-0.14951570291146757,0.43508218187913417,elevated,True,0.22950000000000004,0.7705,multi_scale
57,42071.44558876514,0.04996544782216294,152,18.48053760920572,0.18571511822640532,0.1970844188971179,0.5680853571675041,neutral,0.2855664789676666,-0.14951570291146757,0.43508218187913417,elevated,True,0.22950000000000004,0.7705,multi_scale
58,42071.77215488346,0.2052074477381048,155,19.128893472884403,0.18571511822640532,0.1970844188971179,0.5680853571675041,neutral,0.2855664789676666,-0.14951570291146757,0.43508218187913417,elevated,True,0.22950000000000004,0.7705,multi_scale
59,42071.82874459442,0.23210864600773737,159,19.840748721575522,0.18571511822640532,0.1970844188971179,0.5680853571675041,neutral,0.2855664789676666,-0.14951570291146757,0.43508218187913417,elevated,True,0.22950000000000004,0.7705,multi_scale
60,42073.71460635326,0.18558253298407099,164,20.204581296356555,-0.026053359983213155,0.17862867949242217,0.395042801743204,neutral,0.010720952413976192,-0.14951570291146757,0.16023665532544376,elevated,False,0.22950000000000004,0.7705,multi_scale
61,42073.9293907547,0.28768015569037214,166,20.704581296356555,-0.026053359983213155,0.17862867949242217,0.395042801743204,neutral,0.010720952413976192,-0.14951570291146757,0.16023665532544376,elevated,False,0.22950000000000004,0.7705,multi_scale
62,42074.84337756458,0.7221315236398308,169,21.218622484418127,-0.026053359983213155,0.17862867949242217,0.395042801743204,neutral,0.010720952413976192,-0.14951570291146757,0.16023665532544376,elevated,False,0.22950000000000004,0.7705,multi_scale
63,42077.116574617816,1.8025833991131943,172,21.7831978928324,-0.026053359983213155,0.17862867949242217,0.395042801743204,neutral,0.010720952413976192,-0.14951570291146757,0.16023665532544376,elevated,False,0.22950000000000004,0.7705,multi_scale
64,42077.843546059055,2.1480887095796497,175,22.460230371269212,-0.026053359983213155,0.17862867949242217,0.395042801743204,neutral,0.010720952413976192,-0.14951570291146757,0.16023665532544376,elevated,False,0.22950000000000004,0.7705,multi_scale
65,42083.79848664315,0.09576766551475341,177,22.602930805013305,-0.026053359983213155,0.17862867949242217,0.395042801743204,neutral,0.010720952413976192,-0.14951570291146757,0.16023665532544376,elevated,False,0.22950000000000004,0.7705,multi_scale
66,42083.947060524835,0.16637566720520344,182,23.809639824046048,-0.026053359983213155,0.17862867949242217,0.395042801743204,neutral,0.010720952413976192,-0.14951570291146757,0.16023665532544376,elevated,False,0.22950000000000004,0.7705,multi_scale
67,42083.947060524835,0.16637566720520344,185,24.221843592037363,-0.026053359983213155,0.17862867949242217,0.395042801743204,neutral,0.010720952413976192,-0.14951570291146757,0.16023665532544376,elevated,False,0.22950000000000004,0.7705,multi_scale
68,42083.947060524835,0.16637566720520344,185,24.221843592037363,-0.026053359983213155,0.17862867949242217,0.395042801743204,neutral,0.010720952413976192,-0.14951570291146757,0.16023665532544376,elevated,False,0.22950000000000004,0.7705,multi_scale
69,42083.947060524835,0.16637566720520344,187,24.43197913712891,-0.026053359983213155,0.17862867949242217,0.395042801743204,neutral,0.010720952413976192,-0.14951570291146757,0.16023665532544376,elevated,False,0.22950000000000004,0.7705,multi_scale
70,42084.10288634944,0.35973758255021493,191,24.672035901568762,-0.026053359983213155,0.17862867949242217,0.395042801743204,neutral,0.010720952413976192,-0.14951570291146757,0.16023665532544376,elevated,False,0.22950000000000004,0.7705,multi_scale
71,42083.77216161634,0.5169148814554388,198,25.34548129091735,-0.026053359983213155,0.17862867949242217,0.395042801743204,neutral,0.010720952413976192,-0.14951570291146757,0.16023665532544376,elevated,False,0.22950000000000004,0.7705,multi_scale
72,42083.77216161634,0.5169148814554388,201,25.81092506936109,-0.026053359983213155,0.17862867949242217,0.395042801743204,neutral,0.010720952413976192,-0.14951570291146757,0.16023665532544376,elevated,False,0.22950000000000004,0.7705,multi_scale
73,42083.42727606975,0.6808247541732942,204,26.048498476699034,-0.026053359983213155,0.17862867949242217,0.395042801743204,neutral,0.010720952413976192,-0.14951570291146757,0.16023665532544376,elevated,False,0.22950000000000004,0.7705,multi_scale
74,42085.9828277922,1.895226584239024,207,26.24986462811521,-0.026053359983213155,0.17862867949242217,0.395042801743204,neutral,0.010720952413976192,-0.14951570291146757,0.16023665532544376,elevated,False,0.22950000000000004,0.7705,multi_scale
75,42085.9828277922,1.895226584239024,207,26.24986462811521,-0.026053359983213155,0.17862867949242217,0.395042801743204,neutral,0.010720952413976192,-0.14951570291146757,0.16023665532544376,elevated,False,0.22950000000000004,0.7705,multi_scale
76,42085.9828277922,1.895226584239024,211,26.537204013817288,-0.026053359983213155,0.17862867949242217,0.395042801743204,neutral,0.010720952413976192,-0.14951570291146757,0.16023665532544376,elevated,False,0.22950000000000004,0.7705,multi_scale
77,42085.9828277922,1.895226584239024,213,26.67112110918028,-0.026053359983213155,0.17862867949242217,0.395042801743204,neutral,0.010720952413976192,-0.14951570291146757,0.16023665532544376,elevated,False,0.22950000000000004,0.7705,multi_scale
78,42085.9828277922,1.895226584239024,217,26.914875858585404,-0.026053359983213155,0.17862867949242217,0.395042801743204,neutral,0.010720952413976192,-0.14951570291146757,0.16023665532544376,elevated,False,0.22950000000000004,0.7705,multi_scale
79,42085.9828277922,1.895226584239024,220,27.156440245700672,-0.026053359983213155,0.17862867949242217,0.395042801743204,neutral,0.010720952413976192,-0.14951570291146757,0.16023665532544376,elevated,False,0.22950000000000004,0.7705,multi_scale
80,42085.9828277922,1.895226584239024,221,27.339156424627145,0.016706176508959468,0.1806498299618917,0.45271879261190245,neutral,0.06621678173542023,-0.14951570291146757,0.2157324846468878,elevated,False,0.22950000000000004,0.7705,multi_scale
81,42085.9828277922,1.895226584239024,224,27.436969299984643,0.016706176508959468,0.1806498299618917,0.45271879261190245,neutral,0.06621678173542023,-0.14951570291146757,0.2157324846468878,elevated,False,0.22950000000000004,0.7705,multi_scale
82,42085.9828277922,1.895226584239024,227,27.56269392132766,0.016706176508959468,0.1806498299618917,0.45271879261190245,neutral,0.06621678173542023,-0.14951570291146757,0.2157324846468878,elevated,False,0.22950000000000004,0.7705,multi_scale
83,42085.9828277922,1.895226584239024,229,27.679458239358482,0.016706176508959468,0.1806498299618917,0.45271879261190245,neutral,0.06621678173542023,-0.14951570291146757,0.2157324846468878,elevated,False,0.22950000000000004,0.7705,multi_scale
84,42085.9828277922,1.895226584239024,230,27.874346811491847,0.016706176508959468,0.1806498299618917,0.45271879261190245,neutral,0.06621678173542023,-0.14951570291146757,0.2157324846468878,elevated,False,0.22950000000000004,0.7705,multi_scale
85,42086.55257553951,2.165951422643259,234,28.38410697630811,0.016706176508959468,0.1806498299618917,0.45271879261190245,neutral,0.06621678173542023,-0.14951570291146757,0.2157324846468878,elevated,False,0.22950000000000004,0.7705,multi_scale
86,42086.55257553951,2.165951422643259,236,28.485279001531044,0.016706176508959468,0.1806498299618917,0.45271879261190245,neutral,0.06621678173542023,-0.14951570291146757,0.2157324846468878,elevated,False,0.22950000000000004,0.7705,multi_scale
87,42086.55257553951,2.165951422643259,237,28.496373147025686,0.016706176508959468,0.1806498299618917,0.45271879261190245,neutral,0.06621678173542023,-0.14951570291146757,0.2157324846468878,elevated,False,0.22950000000000004,0.7705,multi_scale
88,42086.55257553951,2.165951422643259,238,28.538377580202802,0.016706176508959468,0.1806498299618917,0.45271879261190245,neutral,0.06621678173542023,-0.14951570291146757,0.2157324846468878,elevated,False,0.22950000000000004,0.7705,multi_scale
89,42086.606046502144,2.1913586373769753,240,28.648436101683902,0.016706176508959468,0.1806498299618917,0.45271879261190245,neutral,0.06621678173542023,-0.14951570291146757,0.2157324846468878,elevated,False,0.22950000000000004,0.7705,multi_scale
90,42086.606046502144,2.1913586373769753,243,28.89077027005244,0.016706176508959468,0.1806498299618917,0.45271879261190245,neutral,0.06621678173542023,-0.14951570291146757,0.2157324846468878,elevated,False,0.22950000000000004,0.7705,multi_scale
91,42083.00288522523,3.903953186615088,247,29.285002623702223,0.016706176508959468,0.1806498299618917,0.45271879261190245,neutral,0.06621678173542023,-0.14951570291146757,0.2157324846468878,elevated,False,0.22950000000000004,0.7705,multi_scale
92,42083.00288522523,3.903953186615088,247,29.285002623702223,0.016706176508959468,0.1806498299618917,0.45271879261190245,neutral,0.06621678173542023,-0.14951570291146757,0.2157324846468878,elevated,False,0.22950000000000004,0.7705,multi_scale
93,42083.00288522523,3.903953186615088,249,29.377816317860947,0.016706176508959468,0.1806498299618917,0.45271879261190245,neutral,0.06621678173542023,-0.14951570291146757,0.2157324846468878,elevated,False,0.22950000000000004,0.7705,multi_scale
94,42083.80803956778,4.28652178761112,252,29.70533695930159,0.016706176508959468,0.1806498299618917,0.45271879261190245,neutral,0.06621678173542023,-0.14951570291146757,0.2157324846468878,elevated,False,0.22950000000000004,0.7705,multi_scale
95,42083.80803956778,4.28652178761112,253,29.766854972236626,0.016706176508959468,0.1806498299618917,0.45271879261190245,neutral,0.06621678173542023,-0.14951570291146757,0.2157324846468878,elevated,False,0.22950000000000004,0.7705,multi_scale
96,42083.80803956778,4.28652178761112,257,30.160652209627962,0.016706176508959468,0.1806498299618917,0.45271879261190245,neutral,0.06621678173542023,-0.14951570291146757,0.2157324846468878,elevated,False,0.22950000000000004,0.7705,multi_scale
97,42083.80803956778,4.28652178761112,259,30.35270690281347,0.016706176508959468,0.1806498299618917,0.45271879261190245,neutral,0.06621678173542023,-0.14951570291146757,0.2157324846468878,elevated,False,0.22950000000000004,0.7705,multi_scale
98,42087.72806336763,2.423335465311755,259,30.35270690281347,0.016706176508959468,0.1806498299618917,0.45271879261190245,neutral,0.06621678173542023,-0.14951570291146757,0.2157324846468878,elevated,False,0.22950000000000004,0.7705,multi_scale
99,42089.688020328365,1.491898557797326,261,30.477994986421457,0.016706176508959468,0.1806498299618917,0.45271879261190245,neutral,0.06621678173542023,-0.14951570291146757,0.2157324846468878,elevated,False,0.22950000000000004,0.7705,multi_scale
100,42090.78677062098,2.0139455023712314,264,30.751728578819183,-0.16937322850823763,0.2708406107766288,0.5319073968583887,neutral,-0.17528796195983887,-0.14951570291146757,-0.0257722590483713,elevated,False,0.22950000000000004,0.7705,multi_scale
101,42090.78677062098,2.0139455023712314,267,30.98209884143832,-0.16937322850823763,0.2708406107766288,0.5319073968583887,neutral,-0.17528796195983887,-0.14951570291146757,-0.0257722590483713,elevated,False,0.22950000000000004,0.7705,multi_scale
102,42090.78677062098,2.0139455023712314,268,31.00393428308303,-0.16937322850823763,0.2708406107766288,0.5319073968583887,neutral,-0.17528796195983887,-0.14951570291146757,-0.0257722590483713,elevated,False,0.22950000000000004,0.7705,multi_scale
103,42091.47501715061,2.3409367635702494,272,31.428689760271286,-0.16937322850823763,0.2708406107766288,0.5319073968583887,neutral,-0.17528796195983887,-0.14951570291146757,-0.0257722590483713,elevated,False,0.22950000000000004,0.7705,multi_scale
104,42095.594106409844,0.38369089351601404,274,31.68354286263149,-0.16937322850823763,0.2708406107766288,0.5319073968583887,neutral,-0.17528796195983887,-0.14951570291146757,-0.0257722590483713,elevated,False,0.22950000000000004,0.7705,multi_scale
105,42097.050466995395,1.0755838550309484,279,32.505454958530095,-0.16937322850823763,0.2708406107766288,0.5319073968583887,neutral,-0.17528796195983887,-0.14951570291146757,-0.0257722590483713,elevated,False,0.22950000000000004,0.7705,multi_scale
106,42097.34729437199,1.2165957869146344,284,33.358086289060964,-0.16937322850823763,0.2708406107766288,0.5319073968583887,neutral,-0.17528796195983887,-0.14951570291146757,-0.0257722590483713,elevated,False,0.22950000000000004,0.7705,multi_scale
107,42097.34729437199,1.2165957869146344,290,34.364390919824835,-0.16937322850823763,0.2708406107766288,0.5319073968583887,neutral,-0.17528796195983887,-0.14951570291146757,-0.0257722590483713,elevated,False,0.22950000000000004,0.7705,multi_scale
108,42097.37407655599,1.22931893435031,293,35.05072681148678,-0.16937322850823763,0.2708406107766288,0.5319073968583887,neutral,-0.17528796195983887,-0.14951570291146757,-0.0257722590483713,elevated,False,0.22950000000000004,0.7705,multi_scale
109,42093.42922679111,3.2693386269180245,298,35.874683580357996,-0.16937322850823763,0.2708406107766288,0.5319073968583887,neutral,-0.17528796195983887,-0.14951570291146757,-0.0257722590483713,elevated,False,0.22950000000000004,0.7705,multi_scale
110,42093.46968683863,3.2885593915357165,301,36.409712047314365,-0.16937322850823763,0.2708406107766288,0.5319073968583887,neutral,-0.17528796195983887,-0.14951570291146757,-0.0257722590483713,elevated,False,0.22950000000000004,0.7705,multi_scale
111,42093.46968683863,3.2885593915357165,304,36.92148505508151,-0.16937322850823763,0.2708406107766288,0.5319073968583887,neutral,-0.17528796195983887,-0.14951570291146757,-0.0257722590483713,elevated,False,0.22950000000000004,0.7705,multi_scale
112,42093.46968683863,3.2885593915357165,306,37.42148505508151,-0.16937322850823763,0.2708406107766288,0.5319073968583887,neutral,-0.17528796195983887,-0.14951570291146757,-0.0257722590483713,elevated,False,0.22950000000000004,0.7705,multi_scale
113,42091.836264817495,4.124896175919623,312,38.14652000626026,-0.16937322850823763,0.2708406107766288,0.5319073968583887,neutral,-0.17528796195983887,-0.14951570291146757,-0.0257722590483713,elevated,False,0.22950000000000004,0.7705,multi_scale
114,42092.23543719719,4.314522622844987,320,39.14407413248943,-0.16937322850823763,0.2708406107766288,0.5319073968583887,neutral,-0.17528796195983887,-0.14951570291146757,-0.0257722590483713,elevated,False,0.22950000000000004,0.7705,multi_scale
115,42092.344586008636,4.6165909454957035,327,40.1571245309089,-0.16937322850823763,0.2708406107766288,0.5319073968583887,neutral,-0.17528796195983887,-0.14951570291146757,-0.0257722590483713,elevated,False,0.22950000000000004,0.7705,multi_scale
116,42092.80794195459,4.836699326172029,331,40.83128131132945,-0.16937322850823763,0.2708406107766288,0.5319073968583887,neutral,-0.17528796195983887,-0.14951570291146757,-0.0257722590483713,elevated,False,0.22950000000000004,0.7705,multi_scale
117,42092.904275444445,4.88246009973076,335,41.515307055287224,-0.16937322850823763,0.2708406107766288,0.5319073968583887,neutral,-0.17528796195983887,-0.14951570291146757,-0.0257722590483713,elevated,False,0.22950000000000004,0.7705,multi_scale
118,42093.14630741667,4.997430306461866,339,42.06815025983439,-0.16937322850823763,0.2708406107766288,0.5319073968583887,neutral,-0.17528796195983887,-0.14951570291146757,-0.0257722590483713,elevated,False,0.22950000000000004,0.7705,multi_scale
119,42103.31914275306,0.1639029526309559,343,42.34839684300901,-0.16937322850823763,0.2708406107766288,0.5319073968583887,neutral,-0.17528796195983887,-0.14951570291146757,-0.0257722590483713,elevated,False,0.22950000000000004,0.7705,multi_scale
120,42103.31914275306,0.1639029526309559,350,43.4354016537405,0.31353892652392024,0.20790865591594151,0.5640319974855943,neutral,0.4514636993408203,-0.14951570291146757,0.6009794022522879,elevated,True,0.22950000000000004,0.7705,multi_scale
121,42103.98349772893,0.47947857098618096,357,44.4564241900684,0.31353892652392024,0.20790865591594151,0.5640319974855943,neutral,0.4514636993408203,-0.14951570291146757,0.6009794022522879,elevated,True,0.22950000000000004,0.7705,multi_scale
122,42097.09199959668,3.8030721337202986,362,45.30537562969614,0.31353892652392024,0.20790865591594151,0.5640319974855943,neutral,0.4514636993408203,-0.14951570291146757,0.6009794022522879,elevated,True,0.22950000000000004,0.7705,multi_scale
123,42097.19213267241,3.8506354176275917,368,46.266043063247665,0.31353892652392024,0.20790865591594151,0.5640319974855943,neutral,0.4514636993408203,-0.14951570291146757,0.6009794022522879,elevated,True,0.22950000000000004,0.7705,multi_scale
124,42097.198403551556,3.853614082262131,373,46.91494404342835,0.31353892652392024,0.20790865591594151,0.5640319974855943,neutral,0.4514636993408203,-0.14951570291146757,0.6009794022522879,elevated,True,0.22950000000000004,0.7705,multi_scale
125,42097.56424221321,4.027385737790646,375,47.41494404342835,0.31353892652392024,0.20790865591594151,0.5640319974855943,neutral,0.4514636993408203,-0.14951570291146757,0.6009794022522879,elevated,True,0.22950000000000004,0.7705,multi_scale
126,42098.330253328924,4.706736573188291,381,48.15431479476124,0.31353892652392024,0.20790865591594151,0.5640319974855943,neutral,0.4514636993408203,-0.14951570291146757,0.6009794022522879,elevated,True,0.22950000000000004,0.7705,multi_scale
127,42098.56998218232,4.820599080380758,387,49.02572157023772,0.31353892652392024,0.20790865591594151,0.5640319974855943,neutral,0.4514636993408203,-0.14951570291146757,0.6009794022522879,elevated,True,0.22950000000000004,0.7705,multi_scale
128,42098.97043759728,5.010797980282438,391,49.641174330048656,0.31353892652392024,0.20790865591594151,0.5640319974855943,neutral,0.4514636993408203,-0.14951570291146757,0.6009794022522879,elevated,True,0.22950000000000004,0.7705,multi_scale
129,42099.36755954751,5.199410056117574,394,50.28924181854202,0.31353892652392024,0.20790865591594151,0.5640319974855943,neutral,0.4514636993408203,-0.14951570291146757,0.6009794022522879,elevated,True,0.22950000000000004,0.7705,multi_scale
130,42099.36755954751,5.199410056117574,400,51.17859572636059,0.31353892652392024,0.20790865591594151,0.5640319974855943,neutral,0.4514636993408203,-0.14951570291146757,0.6009794022522879,elevated,True,0.22950000000000004,0.7705,multi_scale
131,42099.43588669028,5.231861502691944,403,51.70088623612847,0.31353892652392024,0.20790865591594151,0.5640319974855943,neutral,0.4514636993408203,-0.14951570291146757,0.6009794022522879,elevated,True,0.22950000000000004,0.7705,multi_scale
132,42100.05019853775,5.523619419773023,405,52.20088623612847,0.31353892652392024,0.20790865591594151,0.5640319974855943,neutral,0.4514636993408203,-0.14951570291146757,0.6009794022522879,elevated,True,0.22950000000000004,0.7705,multi_scale
133,42101.829711005004,6.368723308126468,410,52.98514241845134,0.31353892652392024,0.20790865591594151,0.5640319974855943,neutral,0.4514636993408203,-0.14951570291146757,0.6009794022522879,elevated,True,0.22950000000000004,0.7705,multi_scale
134,42101.829711005004,6.368723308126468,413,53.65548809484757,0.31353892652392024,0.20790865591594151,0.5640319974855943,neutral,0.4514636993408203,-0.14951570291146757,0.6009794022522879,elevated,True,0.22950000000000004,0.7705,multi_scale
135,42101.931463774046,6.4170443061123095,417,54.33917988610769,0.31353892652392024,0.20790865591594151,0.5640319974855943,neutral,0.4514636993408203,-0.14951570291146757,0.6009794022522879,elevated,True,0.22950000000000004,0.7705,multi_scale
136,42102.437145786585,6.657182311234631,419,54.83917988610769,0.31353892652392024,0.20790865591594151,0.5640319974855943,neutral,0.4514636993408203,-0.14951570291146757,0.6009794022522879,elevated,True,0.22950000000000004,0.7705,multi_scale
137,42099.3436484774,8.127289319932764,425,55.6799943200682,0.31353892652392024,0.20790865591594151,0.5640319974855943,neutral,0.4514636993408203,-0.14951570291146757,0.6009794022522879,elevated,True,0.22950000000000004,0.7705,multi_scale
138,42099.3436484774,8.127289319932764,430,56.47632967995953,0.31353892652392024,0.20790865591594151,0.5640319974855943,neutral,0.4514636993408203,-0.14951570291146757,0.6009794022522879,elevated,True,0.22950000000000004,0.7705,multi_scale
139,42098.729756707864,8.41905167803374,436,57.32191058900005,0.31353892652392024,0.20790865591594151,0.5640319974855943,neutral,0.4514636993408203,-0.14951570291146757,0.6009794022522879,elevated,True,0.22950000000000004,0.7705,multi_scale
140,42098.746988309475,8.427234509667842,440,57.855628353490744,0.2106552855491602,0.18866819400517715,0.5142117125337775,neutral,0.3179352879524231,-0.14951570291146757,0.46745099086389064,elevated,True,0.22950000000000004,0.7705,multi_scale
141,42098.746988309475,8.427234509667842,444,58.43999165432798,0.2106552855491602,0.18866819400517715,0.5142117125337775,neutral,0.3179352879524231,-0.14951570291146757,0.46745099086389064,elevated,True,0.22950000000000004,0.7705,multi_scale
142,42098.999045269484,8.54692892452985,447,58.9747007330051,0.2106552855491602,0.18866819400517715,0.5142117125337775,neutral,0.3179352879524231,-0.14951570291146757,0.46745099086389064,elevated,True,0.22950000000000004,0.7705,multi_scale
143,42099.522620813186,8.795554924529096,454,59.97850207996204,0.2106552855491602,0.18866819400517715,0.5142117125337775,neutral,0.3179352879524231,-0.14951570291146757,0.46745099086389064,elevated,True,0.22950000000000004,0.7705,multi_scale
144,42115.52436099772,1.1932383741999204,455,60.027890790567675,0.2106552855491602,0.18866819400517715,0.5142117125337775,neutral,0.3179352879524231,-0.14951570291146757,0.46745099086389064,elevated,True,0.22950000000000004,0.7705,multi_scale
145,42116.02225810769,1.4296649775568144,458,60.561606745221376,0.2106552855491602,0.18866819400517715,0.5142117125337775,neutral,0.3179352879524231,-0.14951570291146757,0.46745099086389064,elevated,True,0.22950000000000004,0.7705,multi_scale
146,42116.077001590354,1.455659596866555,461,61.16507365424146,0.2106552855491602,0.18866819400517715,0.5142117125337775,neutral,0.3179352879524231,-0.14951570291146757,0.46745099086389064,elevated,True,0.22950000000000004,0.7705,multi_scale
147,42116.14104128274,1.48606838067501,464,61.79671133343779,0.2106552855491602,0.18866819400517715,0.5142117125337775,neutral,0.3179352879524231,-0.14951570291146757,0.46745099086389064,elevated,True,0.22950000000000004,0.7705,multi_scale
148,42119.74744194264,0.18896892692513442,467,62.136184550908325,0.2106552855491602,0.18866819400517715,0.5142117125337775,neutral,0.3179352879524231,-0.14951570291146757,0.46745099086389064,elevated,True,0.22950000000000004,0.7705,multi_scale
149,42121.356400010016,0.09025865854689213,471,62.9607673529389,0.2106552855491602,0.18866819400517715,0.5142117125337775,neutral,0.3179352879524231,-0.14951570291146757,0.46745099086389064,elevated,True,0.22950000000000004,0.7705,multi_scale
150,42121.35842354641,0.09121946671599045,477,63.84865042273667,0.2106552855491602,0.18866819400517715,0.5142117125337775,neutral,0.3179352879524231,-0.14951570291146757,0.46745099086389064,elevated,True,0.22950000000000004,0.7705,multi_scale
151,42121.38722476618,0.10489474681018125,482,64.62661596808957,0.2106552855491602,0.18866819400517715,0.5142117125337775,neutral,0.3179352879524231,-0.14951570291146757,0.46745099086389064,elevated,True,0.22950000000000004,0.7705,multi_scale
152,42117.499628867445,2.01551494282238,488,65.44005828281257,0.2106552855491602,0.18866819400517715,0.5142117125337775,neutral,0.3179352879524231,-0.14951570291146757,0.46745099086389064,elevated,True,0.22950000000000004,0.7705,multi_scale
153,42119.48487781084,1.0727450993166496,490,65.78177818473179,0.2106552855491602,0.18866819400517715,0.5142117125337775,neutral,0.3179352879524231,-0.14951570291146757,0.46745099086389064,elevated,True,0.22950000000000004,0.7705,multi_scale
154,42119.57904320183,1.1174560590917786,493,66.03108160203914,0.2106552855491602,0.18866819400517715,0.5142117125337775,neutral,0.3179352879524231,-0.14951570291146757,0.46745099086389064,elevated,True,0.22950000000000004,0.7705,multi_scale
155,42119.57904320183,1.1174560590917786,495,66.35526191906158,0.2106552855491602,0.18866819400517715,0.5142117125337775,neutral,0.3179352879524231,-0.14951570291146757,0.46745099086389064,elevated,True,0.22950000000000004,0.7705,multi_scale
156,42119.57904320183,1.1174560590917786,495,66.35526191906158,0.2106552855491602,0.18866819400517715,0.5142117125337775,neutral,0.3179352879524231,-0.14951570291146757,0.46745099086389064,elevated,True,0.22950000000000004,0.7705,multi_scale
157,42119.57904320183,1.1174560590917786,497,66.52788350390537,0.2106552855491602,0.18866819400517715,0.5142117125337775,neutral,0.3179352879524231,-0.14951570291146757,0.46745099086389064,elevated,True,0.22950000000000004,0.7705,multi_scale
158,42117.89925459257,2.205261088575618,501,66.75546834806346,0.2106552855491602,0.18866819400517715,0.5142117125337775,neutral,0.3179352879524231,-0.14951570291146757,0.46745099086389064,elevated,True,0.22950000000000004,0.7705,multi_scale
159,42117.89925459257,2.205261088575618,504,67.06499001011365,0.2106552855491602,0.18866819400517715,0.5142117125337775,neutral,0.3179352879524231,-0.14951570291146757,0.46745099086389064,elevated,True,0.22950000000000004,0.7705,multi_scale
160,42117.77748540869,2.2630906407485463,507,67.31096232138735,0.35206416533588997,0.1861201252433516,0.5351081256432967,neutral,0.5014640092849731,-0.14951570291146757,0.6509797121964407,elevated,True,0.22950000000000004,0.7705,multi_scale
161,42117.77748540869,2.2630906407485463,507,67.31096232138735,0.35206416533588997,0.1861201252433516,0.5351081256432967,neutral,0.5014640092849731,-0.14951570291146757,0.6509797121964407,elevated,True,0.22950000000000004,0.7705,multi_scale
162,42117.77748540869,2.2630906407485463,509,67.51944484046726,0.35206416533588997,0.1861201252433516,0.5351081256432967,neutral,0.5014640092849731,-0.14951570291146757,0.6509797121964407,elevated,True,0.22950000000000004,0.7705,multi_scale
163,42117.96892109938,2.4649210455860513,514,67.97384777563734,0.35206416533588997,0.1861201252433516,0.5351081256432967,neutral,0.5014640092849731,-0.14951570291146757,0.6509797121964407,elevated,True,0.22950000000000004,0.7705,multi_scale
164,42117.96892109938,2.4649210455860513,516,68.13542668881135,0.35206416533588997,0.1861201252433516,0.5351081256432967,neutral,0.5014640092849731,-0.14951570291146757,0.6509797121964407,elevated,True,0.22950000000000004,0.7705,multi_scale
165,42117.96892109938,2.4649210455860513,516,68.13542668881135,0.35206416533588997,0.1861201252433516,0.5351081256432967,neutral,0.5014640092849731,-0.14951570291146757,0.6509797121964407,elevated,True,0.22950000000000004,0.7705,multi_scale
166,42117.96892109938,2.4649210455860513,518,68.23655790274935,0.35206416533588997,0.1861201252433516,0.5351081256432967,neutral,0.5014640092849731,-0.14951570291146757,0.6509797121964407,elevated,True,0.22950000000000004,0.7705,multi_scale
167,42117.96892109938,2.4649210455860513,519,68.25752145914838,0.35206416533588997,0.1861201252433516,0.5351081256432967,neutral,0.5014640092849731,-0.14951570291146757,0.6509797121964407,elevated,True,0.22950000000000004,0.7705,multi_scale
168,42117.96892109938,2.4649210455860513,521,68.46308731322084,0.35206416533588997,0.1861201252433516,0.5351081256432967,neutral,0.5014640092849731,-0.14951570291146757,0.6509797121964407,elevated,True,0.22950000000000004,0.7705,multi_scale
169,42117.96892109938,2.4649210455860513,521,68.46308731322084,0.35206416533588997,0.1861201252433516,0.5351081256432967,neutral,0.5014640092849731,-0.14951570291146757,0.6509797121964407,elevated,True,0.22950000000000004,0.7705,multi_scale
170,42117.96892109938,2.4649210455860513,522,68.65183637211643,0.35206416533588997,0.1861201252433516,0.5351081256432967,neutral,0.5014640092849731,-0.14951570291146757,0.6509797121964407,elevated,True,0.22950000000000004,0.7705,multi_scale
171,42118.49479996374,2.7146042569000293,526,68.96953100205815,0.35206416533588997,0.1861201252433516,0.5351081256432967,neutral,0.5014640092849731,-0.14951570291146757,0.6509797121964407,elevated,True,0.22950000000000004,0.7705,multi_scale
172,42119.54961581489,2.213668690802627,527,69.15089963944048,0.35206416533588997,0.1861201252433516,0.5351081256432967,neutral,0.5014640092849731,-0.14951570291146757,0.6509797121964407,elevated,True,0.22950000000000004,0.7705,multi_scale
173,42124.74187187456,0.5508884258960097,532,69.64757186777722,0.35206416533588997,0.1861201252433516,0.5351081256432967,neutral,0.5014640092849731,-0.14951570291146757,0.6509797121964407,elevated,True,0.22950000000000004,0.7705,multi_scale
174,42124.74187187456,0.5508884258960097,533,69.72133785408849,0.35206416533588997,0.1861201252433516,0.5351081256432967,neutral,0.5014640092849731,-0.14951570291146757,0.6509797121964407,elevated,True,0.22950000000000004,0.7705,multi_scale
175,42124.74187187456,0.5508884258960097,535,69.88305161803912,0.35206416533588997,0.1861201252433516,0.5351081256432967,neutral,0.5014640092849731,-0.14951570291146757,0.6509797121964407,elevated,True,0.22950000000000004,0.7705,multi_scale
176,42124.74187187456,0.5508884258960097,537,70.03794787197978,0.35206416533588997,0.1861201252433516,0.5351081256432967,neutral,0.5014640092849731,-0.14951570291146757,0.6509797121964407,elevated,True,0.22950000000000004,0.7705,multi_scale
177,42124.74187187456,0.5508884258960097,539,70.23935798911512,0.35206416533588997,0.1861201252433516,0.5351081256432967,neutral,0.5014640092849731,-0.14951570291146757,0.6509797121964407,elevated,True,0.22950000000000004,0.7705,multi_scale
178,42125.501768613394,0.19010095139817615,541,70.4810328611717,0.35206416533588997,0.1861201252433516,0.5351081256432967,neutral,0.5014640092849731,-0.14951570291146757,0.6509797121964407,elevated,True,0.22950000000000004,0.7705,multi_scale
179,42125.501768613394,0.19010095139817615,543,70.63123100829029,0.35206416533588997,0.1861201252433516,0.5351081256432967,neutral,0.5014640092849731,-0.14951570291146757,0.6509797121964407,elevated,True,0.22950000000000004,0.7705,multi_scale
180,42125.501768613394,0.19010095139817615,546,71.0081643668074,-0.2668424510240591,0.2327603605531511,0.5632779309966348,neutral,-0.30178922414779663,-0.14951570291146757,-0.15227352123632906,elevated,False,0.22950000000000004,0.7705,multi_scale
181,42124.74187187456,0.5508884258960097,550,71.25246238833326,-0.2668424510240591,0.2327603605531511,0.5632779309966348,neutral,-0.30178922414779663,-0.14951570291146757,-0.15227352123632906,elevated,False,0.22950000000000004,0.7705,multi_scale
182,42124.73525826495,0.5540285248113265,552,71.42611311723813,-0.2668424510240591,0.2327603605531511,0.5632779309966348,neutral,-0.30178922414779663,-0.14951570291146757,-0.15227352123632906,elevated,False,0.22950000000000004,0.7705,multi_scale
183,42124.73525826495,0.5540285248113265,553,71.44171888771572,-0.2668424510240591,0.2327603605531511,0.5632779309966348,neutral,-0.30178922414779663,-0.14951570291146757,-0.15227352123632906,elevated,False,0.22950000000000004,0.7705,multi_scale
184,42124.73525826495,0.5540285248113265,553,71.44171888771572,-0.2668424510240591,0.2327603605531511,0.5632779309966348,neutral,-0.30178922414779663,-0.14951570291146757,-0.15227352123632906,elevated,False,0.22950000000000004,0.7705,multi_scale
185,42124.78417150914,0.5772509057379575,555,71.62666454332376,-0.2668424510240591,0.2327603605531511,0.5632779309966348,neutral,-0.30178922414779663,-0.14951570291146757,-0.15227352123632906,elevated,False,0.22950000000000004,0.7705,multi_scale
186,42124.78417150914,0.5772509057379575,556,71.71634856954049,-0.2668424510240591,0.2327603605531511,0.5632779309966348,neutral,-0.30178922414779663,-0.14951570291146757,-0.15227352123632906,elevated,False,0.22950000000000004,0.7705,multi_scale
187,42124.78417150914,0.5772509057379575,559,72.12475016303803,-0.2668424510240591,0.2327603605531511,0.5632779309966348,neutral,-0.30178922414779663,-0.14951570291146757,-0.15227352123632906,elevated,False,0.22950000000000004,0.7705,multi_scale
188,42124.78417150914,0.5772509057379575,559,72.12475016303803,-0.2668424510240591,0.2327603605531511,0.5632779309966348,neutral,-0.30178922414779663,-0.14951570291146757,-0.15227352123632906,elevated,False,0.22950000000000004,0.7705,multi_scale
189,42124.78417150914,0.5772509057379575,560,72.20103927729598,-0.2668424510240591,0.2327603605531511,0.5632779309966348,neutral,-0.30178922414779663,-0.14951570291146757,-0.15227352123632906,elevated,False,0.22950000000000004,0.7705,multi_scale
190,42124.78417150914,0.5772509057379575,563,72.26911040520113,-0.2668424510240591,0.2327603605531511,0.5632779309966348,neutral,-0.30178922414779663,-0.14951570291146757,-0.15227352123632906,elevated,False,0.22950000000000004,0.7705,multi_scale
191,42124.78417150914,0.5772509057379575,565,72.39904503098407,-0.2668424510240591,0.2327603605531511,0.5632779309966348,neutral,-0.30178922414779663,-0.14951570291146757,-0.15227352123632906,elevated,False,0.22950000000000004,0.7705,multi_scale
192,42124.78417150914,0.5772509057379575,569,72.56877371274865,-0.2668424510240591,0.2327603605531511,0.5632779309966348,neutral,-0.30178922414779663,-0.14951570291146757,-0.15227352123632906,elevated,False,0.22950000000000004,0.7705,multi_scale
193,42124.78417150914,0.5772509057379575,571,72.70366718882445,-0.2668424510240591,0.2327603605531511,0.5632779309966348,neutral,-0.30178922414779663,-0.14951570291146757,-0.15227352123632906,elevated,False,0.22950000000000004,0.7705,multi_scale
194,42124.78417150914,0.5772509057379575,574,72.93078342706336,-0.2668424510240591,0.2327603605531511,0.5632779309966348,neutral,-0.30178922414779663,-0.14951570291146757,-0.15227352123632906,elevated,False,0.22950000000000004,0.7705,multi_scale
195,42124.78417150914,0.5772509057379575,575,72.95408409436864,-0.2668424510240591,0.2327603605531511,0.5632779309966348,neutral,-0.30178922414779663,-0.14951570291146757,-0.15227352123632906,elevated,False,0.22950000000000004,0.7705,multi_scale
196,42124.78417150914,0.5772509057379575,576,72.97332905046436,-0.2668424510240591,0.2327603605531511,0.5632779309966348,neutral,-0.30178922414779663,-0.14951570291146757,-0.15227352123632906,elevated,False,0.22950000000000004,0.7705,multi_scale
197,42124.78417150914,0.5772509057379575,578,73.28039687789591,-0.2668424510240591,0.2327603605531511,0.5632779309966348,neutral,-0.30178922414779663,-0.14951570291146757,-0.15227352123632906,elevated,False,0.22950000000000004,0.7705,multi_scale
198,42124.31454596232,0.800228588090531,580,73.45408448226902,-0.2668424510240591,0.2327603605531511,0.5632779309966348,neutral,-0.30178922414779663,-0.14951570291146757,-0.15227352123632906,elevated,False,0.22950000000000004,0.7705,multi_scale
199,42124.31454596232,0.800228588090531,580,73.45408448226902,-0.2668424510240591,0.2327603605531511,0.5632779309966348,neutral,-0.30178922414779663,-0.14951570291146757,-0.15227352123632906,elevated,False,0.22950000000000004,0.7705,multi_scale
200,42124.31454596232,0.800228588090531,583,74.21835571451,-0.11147458679527408,0.18689306648004622,0.4571495242010464,neutral,-0.10014371573925018,-0.14951570291146757,0.049371987172217385,elevated,False,0.22950000000000004,0.7705,multi_scale
201,42124.31454596232,0.800228588090531,584,74.28973091020328,-0.11147458679527408,0.18689306648004622,0.4571495242010464,neutral,-0.10014371573925018,-0.14951570291146757,0.049371987172217385,elevated,False,0.22950000000000004,0.7705,multi_scale
202,42124.35244160821,0.8182201428243988,586,74.40825174694153,-0.11147458679527408,0.18689306648004622,0.4571495242010464,neutral,-0.10014371573925018,-0.14951570291146757,0.049371987172217385,elevated,False,0.22950000000000004,0.7705,multi_scale
203,42124.35244160821,0.8182201428243988,590,74.82201014250664,-0.11147458679527408,0.18689306648004622,0.4571495242010464,neutral,-0.10014371573925018,-0.14951570291146757,0.049371987172217385,elevated,False,0.22950000000000004,0.7705,multi_scale
204,42124.35244160821,0.8182201428243988,590,74.82201014250664,-0.11147458679527408,0.18689306648004622,0.4571495242010464,neutral,-0.10014371573925018,-0.14951570291146757,0.049371987172217385,elevated,False,0.22950000000000004,0.7705,multi_scale
205,42124.03232694713,0.9702130739933135,594,75.29921039111417,-0.11147458679527408,0.18689306648004622,0.4571495242010464,neutral,-0.10014371573925018,-0.14951570291146757,0.049371987172217385,elevated,False,0.22950000000000004,0.7705,multi_scale
206,42124.03232694713,0.9702130739933135,596,75.41037973744953,-0.11147458679527408,0.18689306648004622,0.4571495242010464,neutral,-0.10014371573925018,-0.14951570291146757,0.049371987172217385,elevated,False,0.22950000000000004,0.7705,multi_scale
207,42124.03232694713,0.9702130739933135,600,75.74263700020634,-0.11147458679527408,0.18689306648004622,0.4571495242010464,neutral,-0.10014371573925018,-0.14951570291146757,0.049371987172217385,elevated,False,0.22950000000000004,0.7705,multi_scale
208,42124.07452722147,0.9902482807777844,602,75.83536179297973,-0.11147458679527408,0.18689306648004622,0.4571495242010464,neutral,-0.10014371573925018,-0.14951570291146757,0.049371987172217385,elevated,False,0.22950000000000004,0.7705,multi_scale
209,42124.07452722147,0.9902482807777844,603,75.87334415005462,-0.11147458679527408,0.18689306648004622,0.4571495242010464,neutral,-0.10014371573925018,-0.14951570291146757,0.049371987172217385,elevated,False,0.22950000000000004,0.7705,multi_scale
210,42124.07452722147,0.9902482807777844,609,76.4745334959317,-0.11147458679527408,0.18689306648004622,0.4571495242010464,neutral,-0.10014371573925018,-0.14951570291146757,0.049371987172217385,elevated,False,0.22950000000000004,0.7705,multi_scale
211,42124.07452722147,0.9902482807777844,610,76.57163546651667,-0.11147458679527408,0.18689306648004622,0.4571495242010464,neutral,-0.10014371573925018,-0.14951570291146757,0.049371987172217385,elevated,False,0.22950000000000004,0.7705,multi_scale
212,42124.07452722147,0.9902482807777844,611,76.72254734236552,-0.11147458679527408,0.18689306648004622,0.4571495242010464,neutral,-0.10014371573925018,-0.14951570291146757,0.049371987172217385,elevated,False,0.22950000000000004,0.7705,multi_scale
213,42124.07452722147,0.9902482807777844,613,76.81109211909082,-0.11147458679527408,0.18689306648004622,0.4571495242010464,neutral,-0.10014371573925018,-0.14951570291146757,0.049371987172217385,elevated,False,0.22950000000000004,0.7705,multi_scale
214,42123.24682365037,0.5972763937973753,613,76.81109211909082,-0.11147458679527408,0.18689306648004622,0.4571495242010464,neutral,-0.10014371573925018,-0.14951570291146757,0.049371987172217385,elevated,False,0.22950000000000004,0.7705,multi_scale
215,42122.83296763772,0.400782651961409,616,77.02358094365333,-0.11147458679527408,0.18689306648004622,0.4571495242010464,neutral,-0.10014371573925018,-0.14951570291146757,0.049371987172217385,elevated,False,0.22950000000000004,0.7705,multi_scale
216,42122.83296763772,0.400782651961409,620,77.72209982317342,-0.11147458679527408,0.18689306648004622,0.4571495242010464,neutral,-0.10014371573925018,-0.14951570291146757,0.049371987172217385,elevated,False,0.22950000000000004,0.7705,multi_scale
217,42122.83296763772,0.400782651961409,624,78.33809008670697,-0.11147458679527408,0.18689306648004622,0.4571495242010464,neutral,-0.10014371573925018,-0.14951570291146757,0.049371987172217385,elevated,False,0.22950000000000004,0.7705,multi_scale
218,42122.83296763772,0.400782651961409,629,79.08658478591346,-0.11147458679527408,0.18689306648004622,0.4571495242010464,neutral,-0.10014371573925018,-0.14951570291146757,0.049371987172217385,elevated,False,0.22950000000000004,0.7705,multi_scale
219,42122.83296763772,0.400782651961409,633,79.72347968818661,-0.11147458679527408,0.18689306648004622,0.4571495242010464,neutral,-0.10014371573925018,-0.14951570291146757,0.049371987172217385,elevated,False,0.22950000000000004,0.7705,multi_scale
220,42122.83296763772,0.400782651961409,635,80.22347968818661,-0.023498633775118648,0.1786213123331046,0.3913729369911281,neutral,0.014036625623703003,-0.14951570291146757,0.16355232853517057,elevated,False,0.22950000000000004,0.7705,multi_scale
221,42123.24682365037,0.5972763937973753,642,81.10532476310145,-0.023498633775118648,0.1786213123331046,0.3913729369911281,neutral,0.014036625623703003,-0.14951570291146757,0.16355232853517057,elevated,False,0.22950000000000004,0.7705,multi_scale
222,42123.24682365037,0.5972763937973753,645,81.65568974576858,-0.023498633775118648,0.1786213123331046,0.3913729369911281,neutral,0.014036625623703003,-0.14951570291146757,0.16355232853517057,elevated,False,0.22950000000000004,0.7705,multi_scale
223,42123.24682365037,0.5972763937973753,649,82.34166662742864,-0.023498633775118648,0.1786213123331046,0.3913729369911281,neutral,0.014036625623703003,-0.14951570291146757,0.16355232853517057,elevated,False,0.22950000000000004,0.7705,multi_scale
224,42122.386822455665,1.005623091364528,651,82.84166662742864,-0.023498633775118648,0.1786213123331046,0.3913729369911281,neutral,0.014036625623703003,-0.14951570291146757,0.16355232853517057,elevated,False,0.22950000000000004,0.7705,multi_scale
225,42122.28977655964,1.0517035756462487,656,83.63154957296007,-0.023498633775118648,0.1786213123331046,0.3913729369911281,neutral,0.014036625623703003,-0.14951570291146757,0.16355232853517057,elevated,False,0.22950000000000004,0.7705,multi_scale
226,42122.08138256863,1.936660838194472,660,84.27303171158994,-0.023498633775118648,0.1786213123331046,0.3913729369911281,neutral,0.014036625623703003,-0.14951570291146757,0.16355232853517057,elevated,False,0.22950000000000004,0.7705,multi_scale
227,42120.067232511705,1.5721912496892902,665,84.74738065211663,-0.023498633775118648,0.1786213123331046,0.3913729369911281,neutral,0.014036625623703003,-0.14951570291146757,0.16355232853517057,elevated,False,0.22950000000000004,0.7705,multi_scale
228,42120.067232511705,1.5721912496892902,668,85.06147957664838,-0.023498633775118648,0.1786213123331046,0.3913729369911281,neutral,0.014036625623703003,-0.14951570291146757,0.16355232853517057,elevated,False,0.22950000000000004,0.7705,multi_scale
229,42120.067232511705,1.5721912496892902,669,85.14998235491785,-0.023498633775118648,0.1786213123331046,0.3913729369911281,neutral,0.014036625623703003,-0.14951570291146757,0.16355232853517057,elevated,False,0.22950000000000004,0.7705,multi_scale
230,42120.067232511705,1.5721912496892902,670,85.19194104951349,-0.023498633775118648,0.1786213123331046,0.3913729369911281,neutral,0.014036625623703003,-0.14951570291146757,0.16355232853517057,elevated,False,0.22950000000000004,0.7705,multi_scale
231,42120.067232511705,1.5721912496892902,673,85.37026914457991,-0.023498633775118648,0.1786213123331046,0.3913729369911281,neutral,0.014036625623703003,-0.14951570291146757,0.16355232853517057,elevated,False,0.22950000000000004,0.7705,multi_scale
232,42120.067232511705,1.5721912496892902,673,85.37026914457991,-0.023498633775118648,0.1786213123331046,0.3913729369911281,neutral,0.014036625623703003,-0.14951570291146757,0.16355232853517057,elevated,False,0.22950000000000004,0.7705,multi_scale
233,42119.99764354457,1.6052370433211796,676,85.55000010411318,-0.023498633775118648,0.1786213123331046,0.3913729369911281,neutral,0.014036625623703003,-0.14951570291146757,0.16355232853517057,elevated,False,0.22950000000000004,0.7705,multi_scale
234,42120.81636454858,1.993954719092486,680,85.88552514528732,-0.023498633775118648,0.1786213123331046,0.3913729369911281,neutral,0.014036625623703003,-0.14951570291146757,0.16355232853517057,elevated,False,0.22950000000000004,0.7705,multi_scale
235,42120.81636454858,1.993954719092486,681,86.03444504073376,-0.023498633775118648,0.1786213123331046,0.3913729369911281,neutral,0.014036625623703003,-0.14951570291146757,0.16355232853517057,elevated,False,0.22950000000000004,0.7705,multi_scale
236,42120.81636454858,1.993954719092486,687,86.35128713416906,-0.023498633775118648,0.1786213123331046,0.3913729369911281,neutral,0.014036625623703003,-0.14951570291146757,0.16355232853517057,elevated,False,0.22950000000000004,0.7705,multi_scale
237,42120.81636454858,1.993954719092486,687,86.35128713416906,-0.023498633775118648,0.1786213123331046,0.3913729369911281,neutral,0.014036625623703003,-0.14951570291146757,0.16355232853517057,elevated,False,0.22950000000000004,0.7705,multi_scale
238,42120.81636454858,1.993954719092486,689,86.49511748733705,-0.023498633775118648,0.1786213123331046,0.3913729369911281,neutral,0.014036625623703003,-0.14951570291146757,0.16355232853517057,elevated,False,0.22950000000000004,0.7705,multi_scale
239,42121.20837266993,2.1800695311674145,694,86.98757071517753,-0.023498633775118648,0.1786213123331046,0.3913729369911281,neutral,0.014036625623703003,-0.14951570291146757,0.16355232853517057,elevated,False,0.22950000000000004,0.7705,multi_scale
240,42121.20837266993,2.1800695311674145,695,87.00519709840374,0.508858184796568,0.18473506106862,0.505924960049716,neutral,0.7049604654312134,-0.14951570291146757,0.8544761683426809,elevated,True,0.22950000000000004,0.7705,multi_scale
241,42121.20837266993,2.1800695311674145,700,87.39195004802085,0.508858184796568,0.18473506106862,0.505924960049716,neutral,0.7049604654312134,-0.14951570291146757,0.8544761683426809,elevated,True,0.22950000000000004,0.7705,multi_scale
242,42121.20837266993,2.1800695311674145,704,87.74208810464077,0.508858184796568,0.18473506106862,0.505924960049716,neutral,0.7049604654312134,-0.14951570291146757,0.8544761683426809,elevated,True,0.22950000000000004,0.7705,multi_scale
243,42121.20837266993,2.1800695311674145,708,88.19335918535951,0.508858184796568,0.18473506106862,0.505924960049716,neutral,0.7049604654312134,-0.14951570291146757,0.8544761683426809,elevated,True,0.22950000000000004,0.7705,multi_scale
244,42121.20837266993,2.1800695311674145,710,88.31622932586083,0.5415418982356757,0.18473506106862,0.505924960049716,bullish,0.7049604654312134,-0.14951570291146757,0.8544761683426809,elevated,True,0.19125000000000003,0.80875,multi_scale
245,42121.70255390137,2.4146884254699663,715,88.78175245232907,0.5415418982356757,0.18473506106862,0.505924960049716,bullish,0.7049604654312134,-0.14951570291146757,0.8544761683426809,elevated,True,0.19125000000000003,0.80875,multi_scale
246,42121.70255390137,2.4146884254699663,717,88.904494646656,0.5415418982356757,0.18473506106862,0.505924960049716,bullish,0.7049604654312134,-0.14951570291146757,0.8544761683426809,elevated,True,0.19125000000000003,0.80875,multi_scale
247,42120.8378863422,2.8253032174362285,719,88.96327591095485,0.5415418982356757,0.18473506106862,0.505924960049716,bullish,0.7049604654312134,-0.14951570291146757,0.8544761683426809,elevated,True,0.19125000000000003,0.80875,multi_scale
248,42120.8378863422,2.8253032174362285,719,88.96327591095485,0.5415418982356757,0.18473506106862,0.505924960049716,bullish,0.7049604654312134,-0.14951570291146757,0.8544761683426809,elevated,True,0.19125000000000003,0.80875,multi_scale
249,42120.87222996977,2.8416080915741477,722,89.13428674047196,0.5415418982356757,0.18473506106862,0.505924960049716,bullish,0.7049604654312134,-0.14951570291146757,0.8544761683426809,elevated,True,0.19125000000000003,0.80875,multi_scale
250,42120.87222996977,2.8416080915741477,724,89.27082248714599,0.5415418982356757,0.18473506106862,0.505924960049716,bullish,0.7049604654312134,-0.14951570291146757,0.8544761683426809,elevated,True,0.19125000000000003,0.80875,multi_scale
251,42120.87222996977,2.8416080915741477,724,89.27082248714599,0.5415418982356757,0.18473506106862,0.505924960049716,bullish,0.7049604654312134,-0.14951570291146757,0.8544761683426809,elevated,True,0.19125000000000003,0.80875,multi_scale
252,42120.60502335176,2.9685030317973293,728,89.66533875992772,0.5415418982356757,0.18473506106862,0.505924960049716,bullish,0.7049604654312134,-0.14951570291146757,0.8544761683426809,elevated,True,0.19125000000000003,0.80875,multi_scale
253,42120.60502335176,2.9685030317973293,731,89.95368124346408,0.5415418982356757,0.18473506106862,0.505924960049716,bullish,0.7049604654312134,-0.14951570291146757,0.8544761683426809,elevated,True,0.19125000000000003,0.80875,multi_scale
254,42120.640895559554,2.988673124723237,737,90.51162443053745,0.5415418982356757,0.18473506106862,0.505924960049716,bullish,0.7049604654312134,-0.14951570291146757,0.8544761683426809,elevated,True,0.19125000000000003,0.80875,multi_scale
255,42120.640895559554,2.988673124723237,738,90.549961187466,0.5415418982356757,0.18473506106862,0.505924960049716,bullish,0.7049604654312134,-0.14951570291146757,0.8544761683426809,elevated,True,0.19125000000000003,0.80875,multi_scale
256,42120.640895559554,2.988673124723237,743,91.09403791708738,0.5415418982356757,0.18473506106862,0.505924960049716,bullish,0.7049604654312134,-0.14951570291146757,0.8544761683426809,elevated,True,0.19125000000000003,0.80875,multi_scale
257,42120.640895559554,2.988673124723237,744,91.21886618783319,0.5415418982356757,0.18473506106862,0.505924960049716,bullish,0.7049604654312134,-0.14951570291146757,0.8544761683426809,elevated,True,0.19125000000000003,0.80875,multi_scale
258,42120.640895559554,2.988673124723237,746,91.36990196008554,0.5415418982356757,0.18473506106862,0.505924960049716,bullish,0.7049604654312134,-0.14951570291146757,0.8544761683426809,elevated,True,0.19125000000000003,0.80875,multi_scale
259,42120.98566079089,2.82494630520243,748,91.64281131806102,0.5415418982356757,0.18473506106862,0.505924960049716,bullish,0.7049604654312134,-0.14951570291146757,0.8544761683426809,elevated,True,0.19125000000000003,0.80875,multi_scale
260,42121.04893215146,2.8549846946859385,753,91.98642333679327,0.18748620749711625,0.18764251355259193,0.5060531371290033,neutral,0.2878651022911072,-0.14951570291146757,0.4373808052025747,elevated,True,0.22950000000000004,0.7705,multi_scale
261,42126.06147462824,0.47486282338586666,755,92.33972788783856,0.18748620749711625,0.18764251355259193,0.5060531371290033,neutral,0.2878651022911072,-0.14951570291146757,0.4373808052025747,elevated,True,0.22950000000000004,0.7705,multi_scale
262,42126.16170168674,0.5224459283976666,757,92.83972788783856,0.18748620749711625,0.18764251355259193,0.5060531371290033,neutral,0.2878651022911072,-0.14951570291146757,0.4373808052025747,elevated,True,0.22950000000000004,0.7705,multi_scale
263,42126.348642422585,0.6111960140545513,760,93.37632548941569,0.18748620749711625,0.18764251355259193,0.5060531371290033,neutral,0.2878651022911072,-0.14951570291146757,0.4373808052025747,elevated,True,0.22950000000000004,0.7705,multi_scale
264,42126.420690253304,0.6454005003502414,765,94.15192756321562,0.18748620749711625,0.18764251355259193,0.5060531371290033,neutral,0.2878651022911072,-0.14951570291146757,0.4373808052025747,elevated,True,0.22950000000000004,0.7705,multi_scale
265,42126.420690253304,0.6454005003502414,769,94.37056718675426,0.18748620749711625,0.18764251355259193,0.5060531371290033,neutral,0.2878651022911072,-0.14951570291146757,0.4373808052025747,elevated,True,0.22950000000000004,0.7705,multi_scale
266,42126.420690253304,0.6454005003502414,772,94.6510864081525,0.18748620749711625,0.18764251355259193,0.5060531371290033,neutral,0.2878651022911072,-0.14951570291146757,0.4373808052025747,elevated,True,0.22950000000000004,0.7705,multi_scale
267,42126.420690253304,0.6454005003502414,773,94.698828877763,0.18748620749711625,0.18764251355259193,0.5060531371290033,neutral,0.2878651022911072,-0.14951570291146757,0.4373808052025747,elevated,True,0.22950000000000004,0.7705,multi_scale
268,42126.420690253304,0.6454005003502414,775,94.86744041445445,0.18748620749711625,0.18764251355259193,0.5060531371290033,neutral,0.2878651022911072,-0.14951570291146757,0.4373808052025747,elevated,True,0.22950000000000004,0.7705,multi_scale
269,42125.87476207012,0.904597871745377,779,94.99796412977467,0.18748620749711625,0.18764251355259193,0.5060531371290033,neutral,0.2878651022911072,-0.14951570291146757,0.4373808052025747,elevated,True,0.22950000000000004,0.7705,multi_scale
270,42125.88930833609,0.9115036526210495,784,95.48412106300732,0.18748620749711625,0.18764251355259193,0.5060531371290033,neutral,0.2878651022911072,-0.14951570291146757,0.4373808052025747,elevated,True,0.22950000000000004,0.7705,multi_scale
271,42125.88930833609,0.9115036526210495,785,95.66687907495034,0.18748620749711625,0.18764251355259193,0.5060531371290033,neutral,0.2878651022911072,-0.14951570291146757,0.4373808052025747,elevated,True,0.22950000000000004,0.7705,multi_scale
272,42123.126461914304,2.223358954485309,788,95.95076911933192,0.18748620749711625,0.18764251355259193,0.5060531371290033,neutral,0.2878651022911072,-0.14951570291146757,0.4373808052025747,elevated,True,0.22950000000000004,0.7705,multi_scale
273,42123.126461914304,2.223358954485309,791,96.07045717667962,0.18748620749711625,0.18764251355259193,0.5060531371290033,neutral,0.2878651022911072,-0.14951570291146757,0.4373808052025747,elevated,True,0.22950000000000004,0.7705,multi_scale
274,42123.16619342797,2.2422213052458932,795,96.4381799462205,0.18748620749711625,0.18764251355259193,0.5060531371290033,neutral,0.2878651022911072,-0.14951570291146757,0.4373808052025747,elevated,True,0.22950000000000004,0.7705,multi_scale
275,42121.462425556165,3.051290499389149,799,96.8931255692749,0.18748620749711625,0.18764251355259193,0.5060531371290033,neutral,0.2878651022911072,-0.14951570291146757,0.4373808052025747,elevated,True,0.22950000000000004,0.7705,multi_scale
276,42119.2699966823,1.3782801663149284,803,97.29033028155249,0.18748620749711625,0.18764251355259193,0.5060531371290033,neutral,0.2878651022911072,-0.14951570291146757,0.4373808052025747,elevated,True,0.22950000000000004,0.7705,multi_scale
277,42119.2699966823,1.3782801663149284,804,97.30908226365206,0.18748620749711625,0.18764251355259193,0.5060531371290033,neutral,0.2878651022911072,-0.14951570291146757,0.4373808052025747,elevated,True,0.22950000000000004,0.7705,multi_scale
278,42119.2699966823,1.3782801663149284,805,97.41654834011803,0.18748620749711625,0.18764251355259193,0.5060531371290033,neutral,0.2878651022911072,-0.14951570291146757,0.4373808052025747,elevated,True,0.22950000000000004,0.7705,multi_scale
279,42122.128027710816,2.7352078449278068,809,97.86461544394373,0.18748620749711625,0.18764251355259193,0.5060531371290033,neutral,0.2878651022911072,-0.14951570291146757,0.4373808052025747,elevated,True,0.22950000000000004,0.7705,multi_scale
280,42122.128027710816,2.7352078449278068,810,97.94027556525918,0.3088073954850399,0.1873353354278065,0.5258277772773396,neutral,0.44532284140586853,-0.14951570291146757,0.5948385443173361,elevated,True,0.22950000000000004,0.7705,multi_scale
281,42122.25693661252,2.8382690265207042,816,98.4369833738596,0.3088073954850399,0.1873353354278065,0.5258277772773396,neutral,0.44532284140586853,-0.14951570291146757,0.5948385443173361,elevated,True,0.22950000000000004,0.7705,multi_scale
282,42122.25693661252,2.8382690265207042,818,98.55564392846951,0.3088073954850399,0.1873353354278065,0.5258277772773396,neutral,0.44532284140586853,-0.14951570291146757,0.5948385443173361,elevated,True,0.22950000000000004,0.7705,multi_scale
283,42122.98831793977,2.4909598021196917,820,98.8574632249532,0.3088073954850399,0.1873353354278065,0.5258277772773396,neutral,0.44532284140586853,-0.14951570291146757,0.5948385443173361,elevated,True,0.22950000000000004,0.7705,multi_scale
284,42122.998998178555,2.4960301479307003,823,99.06803819678755,0.3088073954850399,0.1873353354278065,0.5258277772773396,neutral,0.44532284140586853,-0.14951570291146757,0.5948385443173361,elevated,True,0.22950000000000004,0.7705,multi_scale
285,42122.998998178555,2.4960301479307003,824,99.17373903255992,0.3088073954850399,0.1873353354278065,0.5258277772773396,neutral,0.44532284140586853,-0.14951570291146757,0.5948385443173361,elevated,True,0.22950000000000004,0.7705,multi_scale
286,42122.998998178555,2.4960301479307003,824,99.17373903255992,0.3088073954850399,0.1873353354278065,0.5258277772773396,neutral,0.44532284140586853,-0.14951570291146757,0.5948385443173361,elevated,True,0.22950000000000004,0.7705,multi_scale
287,42122.998998178555,2.4960301479307003,825,99.2288608605421,0.3088073954850399,0.1873353354278065,0.5258277772773396,neutral,0.44532284140586853,-0.14951570291146757,0.5948385443173361,elevated,True,0.22950000000000004,0.7705,multi_scale
288,42122.998998178555,2.4960301479307003,827,99.36623664527502,0.3088073954850399,0.1873353354278065,0.5258277772773396,neutral,0.44532284140586853,-0.14951570291146757,0.5948385443173361,elevated,True,0.22950000000000004,0.7705,multi_scale
289,42123.34148049621,2.658619136982859,831,99.78542183198043,0.3088073954850399,0.1873353354278065,0.5258277772773396,neutral,0.44532284140586853,-0.14951570291146757,0.5948385443173361,elevated,True,0.22950000000000004,0.7705,multi_scale
290,42128.44933117489,0.23340304132118964,834,100.14681480401363,0.3088073954850399,0.1873353354278065,0.5258277772773396,neutral,0.44532284140586853,-0.14951570291146757,0.5948385443173361,elevated,True,0.22950000000000004,0.7705,multi_scale
291,42128.63806286859,0.32299980962396585,836,100.64681480401363,0.3088073954850399,0.1873353354278065,0.5258277772773396,neutral,0.44532284140586853,-0.14951570291146757,0.5948385443173361,elevated,True,0.22950000000000004,0.7705,multi_scale
292,42128.64668492958,0.32709294929390453,841,101.39991976208833,0.3088073954850399,0.1873353354278065,0.5258277772773396,neutral,0.44532284140586853,-0.14951570291146757,0.5948385443173361,elevated,True,0.22950000000000004,0.7705,multi_scale
293,42128.680761395815,0.3432700088684814,845,101.97793238904956,0.3088073954850399,0.1873353354278065,0.5258277772773396,neutral,0.44532284140586853,-0.14951570291146757,0.5948385443173361,elevated,True,0.22950000000000004,0.7705,multi_scale
294,42128.914218564634,0.4540980072666762,848,102.51061478120381,0.3088073954850399,0.1873353354278065,0.5258277772773396,neutral,0.44532284140586853,-0.14951570291146757,0.5948385443173361,elevated,True,0.22950000000000004,0.7705,multi_scale
295,42128.914218564634,0.4540980072666762,851,102.7409782805172,0.3088073954850399,0.1873353354278065,0.5258277772773396,neutral,0.44532284140586853,-0.14951570291146757,0.5948385443173361,elevated,True,0.22950000000000004,0.7705,multi_scale
296,42125.11627787855,2.2573105576596357,855,103.16071029984744,0.3088073954850399,0.1873353354278065,0.5258277772773396,neutral,0.44532284140586853,-0.14951570291146757,0.5948385443173361,elevated,True,0.22950000000000004,0.7705,multi_scale
297,42125.11627787855,2.2573105576596357,858,103.46952845227872,0.3088073954850399,0.1873353354278065,0.5258277772773396,neutral,0.44532284140586853,-0.14951570291146757,0.5948385443173361,elevated,True,0.22950000000000004,0.7705,multi_scale
298,42125.15875352677,2.3234045659083007,863,103.80257795955421,0.3088073954850399,0.1873353354278065,0.5258277772773396,neutral,0.44532284140586853,-0.14951570291146757,0.5948385443173361,elevated,True,0.22950000000000004,0.7705,multi_scale
299,42125.43634713517,2.191595435563095,864,103.96989348761964,0.3088073954850399,0.1873353354278065,0.5258277772773396,neutral,0.44532284140586853,-0.14951570291146757,0.5948385443173361,elevated,True,0.22950000000000004,0.7705,multi_scale
