step,sentiment,uncertainty,mid_price,bid,ask,spread,spread_bps,inventory
0,0.13258345906505137,0.16696235042374202,100.01325834590651,100.01275222468381,100.01391918703423,0.0011669623504246829,0.11668076510302457,1.0
1,0.0951679380940551,0.1712865604341098,100.02277640148536,100.02214649266857,100.023317779229,0.0011712865604351919,0.11710198442539914,2.0
2,-0.014972642536367986,0.21786696493326474,100.0212787962088,100.02046074538296,100.0216786123479,0.0012178669649358653,0.12176078726380243,2.0
3,0.07822870476310972,0.2160812907907408,100.02910333129779,100.02834285688452,100.0295589381753,0.0012160812907779928,0.12157274735836775,2.0
4,0.20698189602566985,0.2187625984227248,100.04980754476306,100.04912429436055,100.05034305695898,0.0012187625984267925,0.1218155864899099,2.0
5,0.03754604995461577,0.21276951778551947,100.05356401983508,100.05278040242862,100.05399317194642,0.001212769517792367,0.12121202574572376,2.0
6,-0.029504831765291277,0.1680114375569227,100.05061195626115,100.04981071955189,100.05097873098944,0.0011680114375565154,0.1167420583161582,2.0
7,-0.16284810851956563,0.17247261163482477,100.03431890334785,100.03343719956848,100.03460967218012,0.001172472611642661,0.11720703699452306,2.0
8,-0.11318901511049294,0.25797807888638535,100.02299611731394,100.0220959336246,100.02335391170348,0.0012579780788826156,0.12576888592770918,1.0
9,-0.009070189457636879,0.23820844038089567,100.02208888978903,100.02136417017627,100.02260237861665,0.0012382084403839144,0.12379349942873664,1.0
10,-0.04725674138705509,0.1804271936289423,100.01736217180138,100.01664406663326,100.01782449382688,0.0011804271936171062,0.11802222813969719,1.0
11,-0.16234151241760564,0.17328360507209606,100.0011252019584,100.00034332383838,100.00151660744346,0.0011732836050839524,0.11732704034223958,1.0
12,-0.339352963250711,0.2361066168227826,99.96718952379271,99.96626173226264,99.96749783887947,0.001236106616829602,0.12365123224109469,1.0
13,-0.27288876039441606,0.21509250165999072,99.93990960136345,99.93903626256935,99.94025135507101,0.001215092501666959,0.1215823094611226,1.0
14,-0.24194466655221608,0.17999937813650735,99.91572967325969,99.91489692629258,99.91607692567072,0.0011799993781380635,0.11809946061514529,0.0
15,-0.13701455857205813,0.2606746066926694,99.9020397636641,99.90132306097338,99.90258373558008,0.0012606746066978758,0.12619107774778413,0.0
16,-0.037626638888186154,0.234576657531524,99.89828078568972,99.89764027087591,99.89887484753345,0.0012345766575379002,0.12358337379062798,-1.0
17,0.005557230196308452,0.1581682514406673,99.89883594343226,99.89836007741033,99.89951824566177,0.0011581682514361091,0.11593410879100956,-1.0
18,0.049111741070439446,0.23989168529770738,99.90374214919635,99.90325264997341,99.9044925416587,0.0012398916852873754,0.12410863283136281,-1.0
19,-0.1780124306542464,0.1894749663970904,99.88595804122491,99.88535743307673,99.88654690804313,0.0011894749663952098,0.11908330156920455,-2.0
20,-0.12311687183460904,0.23473008723988922,99.87366039453067,99.8731670214341,99.87440175152135,0.0012347300872477263,0.1236292013700284,-2.0
21,-0.3645362466188472,0.2355015781034442,99.83725282523437,99.83660988189135,99.83784538346944,0.0012355015780940448,0.12375155997699543,-2.0
22,-0.20957372223767423,0.18394974418926252,99.8163295605418,99.8158135232923,99.8169974730365,0.0011839497441883395,0.11861283112701876,-3.0
23,-0.24332025916318695,0.22063541958921756,99.79204222536441,99.79158340499129,99.79280404041089,0.0012206354195996028,0.12231791156683539,-3.0
24,-0.22144592040552064,0.2682011235827907,99.76994368472467,99.76946916518033,99.77073736630392,0.0012682011235938262,0.1271125427915817,-3.0
25,-0.17550694957731988,0.24361767012516533,99.75243336624905,99.75200242564212,99.75324604331225,0.0012436176701271506,0.12467040934842248,-3.0
26,-0.07446118658993674,0.17319762174156184,99.74500568169536,99.74467540404098,99.74584860166271,0.0011731976217390638,0.1176196856896227,-4.0
27,-0.1648596842998493,0.2351125942214191,99.7285617515482,99.72824238511491,99.72947749770914,0.0012351125942302588,0.12384742871428052,-4.0
28,-0.056116365771467155,0.16723423339699003,99.72296534709908,99.72274897951078,99.72391621374419,0.0011672342334065888,0.11704768599127337,-4.0
29,0.0863545895823411,0.20950314380977098,99.73157688284357,99.73142435434546,99.73263385748926,0.0012095031437979742,0.1212758467881039,-3.0
30,0.14177375922190621,0.25925764439248,99.74571620341139,99.74547583943422,99.74673509707861,0.0012592576443921644,0.12624678956880322,-3.0
31,0.18648585103393378,0.18120492622065937,99.76431736818456,99.76413690472441,99.76531810965062,0.0011812049262118762,0.118399539772581,-3.0
32,0.15237673734959517,0.1659520151750764,99.77951912936905,99.77932498534344,99.78049093735862,0.001165952015185212,0.1168528396767976,-3.0
33,0.2917148952010199,0.252934434929896,99.80862630133508,99.80848258393631,99.80973551837123,0.001252934434916142,0.12553368194181652,-2.0
34,0.27161022998889967,0.27221455960838786,99.83573534527966,99.83547201124443,99.83674422580404,0.0012722145596057999,0.1274307796908466,-3.0
35,0.2865193215364129,0.24772179890604598,99.86434021243588,99.86419509973807,99.86544282153697,0.001247721798904422,0.12494167550200729,-3.0
36,0.3278254274425642,0.2444553421138366,99.89707828245228,99.89696003683345,99.89820449217557,0.0012444553421175897,0.12457374765245643,-3.0
37,0.2553854529320475,0.20158445742580883,99.92259054303605,99.92244318440278,99.9236447688602,0.001201584457419358,0.12025153179969277,-2.0
38,0.2949592511658991,0.21853590802542572,99.95206363551718,99.95183407678265,99.95305261269068,0.0012185359080376656,0.1219120309992948,-2.0
39,0.3483750437282775,0.19324805616736773,99.98688444005694,99.98669566495074,99.9878889130069,0.0011932480561540615,0.11934045778468322,-1.0
40,0.357862339755438,0.24224226753057557,100.02266598046752,100.02236713519596,100.02360937746349,0.0012422422675228972,0.1241960764938502,-1.0
41,0.6189003698580243,0.24778741760188175,100.08457004543702,100.08443227977534,100.08568006719295,0.0012477874176113346,0.12467330549003271,-1.0
42,0.623452754087582,0.2745746055622753,100.14696804627351,100.1468280774948,100.14810265210036,0.0012745746055600193,0.1272704137154801,-2.0
43,0.642053488253878,0.2323212201078006,100.21126775644566,100.21124720390463,100.21247952512473,0.0012323212201010847,0.12297232114617379,-2.0
44,0.697739479988483,0.2654297992681502,100.28118911429904,100.28119786956447,100.28246329936374,0.0012654297992753527,0.1261881525789482,-3.0
45,0.5663746784411297,0.21067529673055368,100.33798584053736,100.33802335080493,100.33923402610166,0.0012106752967326884,0.12065971691486414,-3.0
46,0.4921818025946917,0.243642936877525,100.38737037127707,100.38735459901986,100.38859824195674,0.0012436429368847257,0.12388440221963998,-2.0
47,0.5699483382822222,0.2720552662868273,100.4445859862047,100.44451246146417,100.44578451673047,0.0012720552662983664,0.12664249185845353,-2.0
48,0.6713571849745129,0.3135317804745503,100.51202018069833,100.51200433930735,100.51331787108784,0.0013135317804824354,0.13068404934265537,-2.0
49,0.7600100487579101,0.2949462805846426,100.58841032605662,100.58845493900925,100.58974988528983,0.0012949462805806888,0.1287371255180522,-2.0
50,0.8316252029771979,0.2700826308237288,100.67206218321118,100.67215525825861,100.67342534088942,0.0012700826308105206,0.12616038683096817,-2.0
51,0.9273961148422271,0.3093257096611369,100.76542506255304,100.76557753148631,100.76688685719597,0.0013093257096556954,0.12993799300135875,-2.0
52,0.8732871167526538,0.27656770582132006,100.85342221007427,100.85354133128695,100.85481789899276,0.0012765677058155234,0.1265765382910335,-2.0
53,0.7968762651441271,0.32057649095543717,100.93378990849203,100.93385578827753,100.9351763647685,0.0013205764909685058,0.13083591651178053,-2.0
54,0.738533323770163,0.3136213178449705,101.00833287583387,101.00836114173397,101.00967476305182,0.0013136213178484013,0.1300507869447951,-1.0
55,0.7630589308118556,0.2974245556831641,101.08540818632119,101.08535447974049,101.08665190429616,0.0012974245556733877,0.12834934130967424,-1.0
56,0.8562607568863241,0.3203843557607959,101.17196365444497,101.17196875892101,101.17328914327676,0.001320384355750548,0.130508918484606,-1.0
57,0.7907131797773597,0.28444123270618116,101.25196165953048,101.2519272512198,101.25321169245251,0.001284441232712652,0.12685593559477987,-2.0
58,0.6465121346295037,0.24596643549209452,101.31742228139841,101.3174020643906,101.31864803082611,0.0012459664355048972,0.12297652342993462,-2.0
59,0.47325564245066754,0.2204592431055548,101.36537132317164,101.36524988816169,101.3664703474048,0.0012204592431146466,0.12040199006656777,-2.0
60,0.4817655214171634,0.23700164001399165,101.4142056641408,101.41408513569084,101.41532213733086,0.0012370016400211625,0.12197518404056838,-2.0
61,0.49132870801649525,0.21393800293099804,101.4640333747843,101.46392462707813,101.46513856508106,0.0012139380029339009,0.11964219857591303,-3.0
62,0.4932517349898123,0.2656096574319653,101.51408068528546,101.51406001253642,101.51532562219384,0.0012656096574232834,0.12467331121747866,-3.0
63,0.5444108152838858,0.241774802279527,101.56934604871414,101.56936317912924,101.57060495393152,0.0012417748022812702,0.1222588163249271,-4.0
64,0.642318942990213,0.27498313176222194,101.63458596370836,101.63475794505123,101.636032928183,0.001274983131764884,0.12544776167240496,-4.0
65,0.6888387648692342,0.23757719689139054,101.70459580637159,101.704803263347,101.70604084054389,0.0012375771968891058,0.12168350771928187,-5.0
66,0.6504203082737354,0.2915210030457729,101.77074654092883,101.77102079617177,101.77231231717482,0.0012915210030541857,0.12690493554891816,-6.0
67,0.6205674140432769,0.23216475457119037,101.833902149935,101.83426838820543,101.83550055296001,0.0012321647545832093,0.12099749970977575,-6.0
68,0.7143838390390324,0.2264187583032861,101.90665064389721,101.90707550138848,101.90830192014678,0.0012264187583070907,0.1203472737606391,-5.0
69,0.681733659747805,0.30350094122561405,101.97612383779331,101.97641640755627,101.97771990849749,0.0013035009412192267,0.12782413099880316,-5.0
70,0.521243525896504,0.2609138875469629,102.02927823213979,102.02947639679633,102.03073731068386,0.001260913887534798,0.12358353497962933,-6.0
71,0.6482489376288592,0.293584068460189,102.09541860336083,102.09579109357566,102.09708467764412,0.0012935840684633604,0.12670343940592624,-6.0
72,0.44461738260626854,0.2490522749056634,102.14081200115635,102.1410651501955,102.14231420247042,0.0012490522749146749,0.12228728658438062,-6.0
73,0.21144073055219303,0.23900193362764593,102.16240872906508,102.16252021583526,102.1637592177689,0.0012390019336407931,0.12127767434758013,-6.0
74,0.36468035721072745,0.22291466787733605,102.1996653527739,102.19987688191894,102.2010997965868,0.0012229146678635061,0.11965936127503315,-7.0
75,0.2824962414713746,0.22695596501394588,102.22853637411569,102.22879620135745,102.23002315732248,0.001226955965023535,0.12002088737075971,-8.0
76,0.2862771975277551,0.24873226676040538,102.25780207301625,102.25815644866977,102.25940518093653,0.001248732266759589,0.12211608712926797,-7.0
77,0.1228713078518947,0.22663169244448478,102.27036662289501,102.27052866596894,102.27175529766139,0.0012266316924467446,0.1199400894855247,-7.0
78,0.1532795149716024,0.2489626262436106,102.28604257508694,102.2862138139666,102.28746277659285,0.0012489626262492948,0.12210489278949731,-6.0
79,0.10573993707836565,0.16313449485163822,102.29685829479281,102.29693822242955,102.29810135692439,0.001163134494845508,0.11370187845785627,-5.0
80,-0.01620678337301623,0.22165287776867199,102.29520039177069,102.29507966580003,102.2963013186778,0.0012216528777742042,0.11942426165602214,-5.0
81,0.048522059750098254,0.18635077954012988,102.30016396559625,102.3000995722982,102.30128592307773,0.0011863507795339956,0.11596763226430093,-5.0
82,0.07105550175910712,0.20938638342821897,102.30743295507688,102.30737122866331,102.30858061504675,0.0012093863834365948,0.11821099880080418,-5.0
83,0.012687529443205947,0.21988491930778153,102.30873098364476,102.30862877984804,102.30984866476733,0.0012198849192941452,0.11923566127402734,-4.0
84,-0.009924930399520998,0.19245715354202067,102.30771557661049,102.30751343050659,102.30870588766012,0.0011924571535359973,0.11655593586615241,-5.0
85,0.029469058870457688,0.24705277000442738,102.31073048870373,102.31062533705447,102.31187238982447,0.001247052769997481,0.12188875634459181,-5.0
86,0.02210785097415663,0.19497823043275136,102.31299235908642,102.31290807917152,102.31410305740197,0.0011949782304441214,0.11679633279125722,-5.0
87,0.13103286547313592,0.18046172485760106,102.32639872365036,102.32638583242912,102.32756629415398,0.0011804617248571958,0.11536238346912131,-5.0
88,0.06357504759073405,0.17576924974813113,102.332904129319,102.33285361948714,102.3340293887369,0.0011757692497553762,0.11489649978755084,-5.0
89,0.07278919405909823,0.2376277648644009,102.3403528589363,102.34027908801765,102.3415167157825,0.0012376277648513678,0.12093252859478477,-5.0
90,-0.026441123790981375,0.1771047210873286,102.33764686499754,102.33754275065118,102.33871985537226,0.0011771047210800134,0.11502167160759855,-5.0
91,-0.011317748882383117,0.23210593362853507,102.3364886332091,102.33636560790951,102.33759771384315,0.0012321059336386497,0.12039751901735862,-4.0
92,0.1649938150667395,0.2507976857980866,102.35337352088922,102.35325130898735,102.35450210667315,0.0012507976857989433,0.12220385540528071,-4.0
93,0.21677397110992586,0.2673715783492323,102.37556106812383,102.37546474891961,102.37673212049795,0.0012673715783364514,0.12379630110091447,-4.0
94,0.3164240063283887,0.25794090492269905,102.40795515330713,102.40792520420509,102.40918314511002,0.0012579409049351398,0.12283624871251189,-4.0
95,0.11441165908395654,0.17033316527348866,102.4196718173596,102.41955360065651,102.42072393382179,0.0011703331652768156,0.11426839634516876,-4.0
96,-0.046618467900325644,0.22383738881680776,102.41489716917663,102.41465672377021,102.41588056115901,0.0012238373888067144,0.11949798541369307,-4.0
97,0.11018298205365842,0.23750575722131972,102.42618154795343,102.42603097111214,102.42726847686936,0.00123750575721715,0.12081928062873065,-4.0
98,0.12669009131352132,0.2219993748447209,102.43915793024664,102.43902433816541,102.44024633754026,0.0012219993748487923,0.11929025965645695,-4.0
99,0.27293638606027204,0.22894929463531116,102.46711730380318,102.46707054164543,102.46829949094007,0.0012289492946422342,0.11993596843351623,-3.0
100,0.20600919795314893,0.21276384465007192,102.48822647245551,102.48804501078665,102.4892577746313,0.0012127638446486344,0.11833201591936747,-3.0
101,0.3776717772353405,0.20799946901651323,102.52693338309305,102.52685749701172,102.52806549648074,0.0012079994690168405,0.11782264709928822,-3.0
102,0.5203718762849634,0.2799563885618523,102.58028551578735,102.5802785642468,102.58155852063537,0.0012799563885721454,0.12477606024747875,-2.0
103,0.5641680092286174,0.2910848897378381,102.63815803125289,102.63807668320402,102.63936776809376,0.001291084889743388,0.12578995127233852,-2.0
104,0.6943918101475663,0.27803359417589907,102.70942912759843,102.70943383883179,102.71071187242597,0.0012780335941897647,0.12443196355439114,-2.0
105,0.657536423456479,0.2211022546794863,102.77696431828224,102.77695522675951,102.77817632901419,0.0012211022546750883,0.11881088946094465,-2.0
106,0.6867269251242248,0.2295987782320873,102.84754402696214,102.84755142686708,102.84878102564531,0.0012295987782238171,0.1195554828126445,-3.0
107,0.616497997782766,0.29931739967151405,102.91094933193163,102.91100018651947,102.91229950391916,0.0012993173996846963,0.12625647786940963,-3.0
108,0.5532503314518755,0.2529139196415818,102.96788484875954,102.96790497932038,102.96915789324002,0.001252913919643106,0.12168006767191548,-3.0
109,0.5149517397621617,0.25742869592901774,103.02090834020204,103.02090338340136,103.0221608120973,0.001257428695936369,0.12205567939510005,-3.0
110,0.3857610451587182,0.26795182966678377,103.06064979347656,103.06056038077323,103.0618283326029,0.0012679518296749848,0.12302967545962849,-3.0
111,0.5507974533256123,0.23033713473356998,103.11741533692089,103.11743900163378,103.11866933876851,0.001230337134728643,0.11931419447517168,-4.0
112,0.59870807582308,0.2577181021044269,103.17915256624111,103.17930021018249,103.18055792828459,0.0012577181020958506,0.12189653343861245,-5.0
113,0.6626199406201908,0.2836739183805607,103.24752113018779,103.24780458719638,103.24908826111476,0.0012836739183796908,0.12432975671745855,-5.0
114,0.6142059757325032,0.29278557565650964,103.31093637464554,103.31118700017066,103.31247978574632,0.0012927855756572626,0.1251354039585045,-6.0
115,0.770793897285181,0.2994741710249189,103.39056781392593,103.39101889022078,103.3923183643918,0.0012994741710201652,0.12568594974339,-6.0
116,0.8299014991629345,0.30650435157008543,103.476371801154,103.47686068393824,103.4781671882898,0.0013065043515609887,0.12626112887603372,-5.0
117,0.8634925971178364,0.3140806291187426,103.5657228821809,103.56613319131398,103.56744727194311,0.0013140806291289664,0.12688374034948793,-5.0
118,0.7008241247989163,0.2794064361451788,103.63830423927898,103.63861285550885,103.639892261945,0.001279406436140107,0.12344918662372431,-5.0
119,0.5109165092797512,0.2040543861577585,103.69125475990859,103.69146031834748,103.69266437273365,0.0012040543861644437,0.1161191837202053,-5.0
120,0.5358552409829863,0.25757490757523277,103.7468182622158,103.74702641381458,103.74828398872216,0.001257574907583603,0.12121575665146031,-5.0
121,0.6902295434930519,0.2508933606655196,103.81842738122377,103.81873363632009,103.81998452968075,0.0012508933606625305,0.12048856760941098,-5.0
122,0.6489951596159839,0.31100181206361877,103.88580503807313,103.88607495408223,103.8873859558943,0.0013110018120698896,0.1261964338236028,-4.0
123,0.5279630674864483,0.22732012696433998,103.94065290636932,103.94076323615535,103.9419905562823,0.0012273201269579204,0.11807893183656461,-4.0
124,0.653910299360274,0.2529417377553603,104.00862076982703,104.00880395471155,104.01005689644931,0.0012529417377606933,0.12046518149043395,-4.0
125,0.7114212303308646,0.30286935850284474,104.08261471078013,104.08282672056187,104.08412958992038,0.001302869358511316,0.12517646315205166,-4.0
126,0.6268537674520335,0.2553372653774328,104.14785928993786,104.14802507775228,104.14928041501766,0.0012553372653769657,0.12053414001359593,-4.0
127,0.783067278254458,0.30756300673497083,104.22941407064806,104.22967224404711,104.23097980705386,0.001307563006747614,0.12545048040482418,-4.0
128,0.8423299074169558,0.24418402816163495,104.31720962335231,104.31751153804686,104.31875572207503,0.0012441840281667282,0.11926929723858401,-4.0
129,0.753805215257913,0.25343944087901704,104.39584448000754,104.39609018488086,104.39734362432175,0.001253439440887405,0.12006602821508346,-4.0
130,0.6540862005502026,0.2281040123350936,104.46412836127669,104.46431595221418,104.46554405622652,0.0012281040123411913,0.11756227057138126,-5.0
131,0.674677461190656,0.2822242002174832,104.53460795418499,104.53489938596893,104.53618161016915,0.001282224200224391,0.12266025819758747,-5.0
132,0.6806959057516193,0.2254248554902368,104.60576423382876,104.606068592242,104.60729401709747,0.001225424855476831,0.11714697220103452,-5.0
133,0.5428429327261319,0.21917507164881414,104.66254873366552,104.6627700564154,104.66398923148704,0.001219175071639711,0.11648627769825692,-5.0
134,0.5518450944440452,0.2688100102162171,104.72030624775618,104.72052193604104,104.72179074605124,0.0012688100102025146,0.12116179332026172,-5.0
135,0.5159400508374716,0.294525768538206,104.77433564788537,104.7745223338465,104.77581685961505,0.0012945257685430533,0.12355370812309993,-5.0
136,0.5180977572075428,0.2554323313894859,104.82861899619743,104.82881649836935,104.83007193070074,0.0012554323313906934,0.11976045696416483,-5.0
137,0.32533707360999375,0.2000941094546047,104.86272363233223,104.86281880283032,104.86401889693978,0.0012000941094640893,0.1144443008815828,-5.0
138,0.23643032339540399,0.19527201730604057,104.88751635999276,104.88756002325891,104.88875529527621,0.001195272017298521,0.11395750979517268,-4.0
139,0.18617277324820392,0.1991172521202598,104.90704355979261,104.90695562265869,104.90815473991081,0.001199117252127735,0.11430283529478061,-4.0
140,0.17167396734903603,0.21766789887175794,104.92505336816338,104.92494905515349,104.92616672305238,0.0012176678988851108,0.1160512060558626,-4.0
141,0.14818861378593423,0.20194745020640756,104.94060206637342,104.94049015011156,104.94169209756176,0.001201947450198304,0.11453597811818249,-4.0
142,0.18828574783527363,0.18747611837274217,104.96036088611176,104.96027894046706,104.96146641658542,0.0011874761183605642,0.11313567410929985,-4.0
143,0.24856237610052784,0.22191335164464235,104.98645008280998,104.98639098697718,104.98761290032884,0.0012219133516566671,0.1163877196240906,-4.0
144,0.43349024761578603,0.2029189221254678,105.03196068505268,105.03201995240232,105.03322287132445,0.0012029189221323122,0.11452884572338581,-4.0
145,0.4606178420927284,0.24858095059646676,105.0803402801342,105.08040354899046,105.08165212994106,0.001248580950601763,0.11882155570425115,-5.0
146,0.39613357861748344,0.2849141136094486,105.12196613137172,105.12207817312795,105.12336308724154,0.001284914113597324,0.12223079161129437,-5.0
147,0.4526135966750369,0.20331624786243113,105.169545762552,105.16971642307553,105.17091973932338,0.0012033162478530812,0.11441679614837219,-5.0
148,0.5432749802103197,0.24199629760666178,105.22668174544489,105.2268981200531,105.2281401163507,0.0012419962976082388,0.11803054862195188,-6.0
149,0.5391161208921174,0.2911791736265348,105.28341114592185,105.28371360408877,105.2850047832624,0.001291179173620094,0.12263842513903082,-6.0
150,0.43990430000939346,0.27930912745250785,105.3297257712046,105.32996750343398,105.33124681256143,0.0012793091274545532,0.12145755797688548,-6.0
151,0.5615209889832523,0.27252926980941544,105.38887062298899,105.38919163430114,105.39046416357095,0.0012725292698121393,0.1207460771037579,-7.0
152,0.6612865522408845,0.2780635997777734,105.45856286588783,105.45904641722365,105.46032448082343,0.0012780635997842182,0.12119106927424546,-7.0
153,0.5506396824176256,0.2766592963379669,105.51663253545252,105.5170456954391,105.51832235473543,0.0012766592963373569,0.12099128503825332,-7.0
154,0.5989625298104688,0.256517136211125,105.57983304461303,105.58028108938625,105.58153760652245,0.001256517136198454,0.11901109330865389,-7.0
155,0.5976111290578995,0.25489781283658386,105.64292872784456,105.64337624938753,105.64463114720036,0.0012548978128279487,0.1187867307295876,-7.0
156,0.6241068268301185,0.21748049970298355,105.70886120086995,105.7093323795658,105.71054986006548,0.0012174804996902822,0.11517298416230244,-7.0
157,0.762859731786877,0.32575274826462075,105.78950223437313,105.79004503969198,105.79137079244025,0.0013257527482721798,0.12531987770724345,-7.0
158,0.8053870209109393,0.3163487624595649,105.87470372642133,105.87527563714424,105.8765919859067,0.0013163487624581194,0.1243308095444163,-7.0
159,0.9989906165375332,0.3328713557472319,105.98047156197272,105.98117088928356,105.9825037606393,0.0013328713557427818,0.12576575062353607,-7.0
160,1.0,0.2846190543809087,106.08645203353468,106.08715203353468,106.08843665258907,0.0012846190543882585,0.12109171621482649,-7.0
161,1.0,0.26555988825777277,106.1925384855682,106.1932384855682,106.19450404545645,0.001265559888253165,0.11917597095818151,-7.0
162,0.809350492517304,0.24243886101107692,106.27848546889317,106.2790670337147,106.2803094725757,0.0012424388609986181,0.1169040803994398,-8.0
163,0.8084554195148534,0.2564628236505825,106.36440688644834,106.36508655212612,106.36634301494976,0.0012564628236475528,0.11812812767234412,-8.0
164,0.7550066555796835,0.31995295098297855,106.44471272156439,106.44535103172042,106.4466709846714,0.0013199529509790864,0.12400361814417113,-8.0
165,0.8801579042432548,0.2953015878577956,106.53840087683118,106.53912326100271,106.54041856259056,0.001295301587845188,0.12158072368128403,-8.0
166,0.8385381742247003,0.2394674923014143,106.62773739298724,106.6284373296451,106.62967679713739,0.0012394674922973081,0.11624250149181409,-9.0
167,0.6550055318270153,0.2494185356470503,106.69757915082586,106.69826362958425,106.6995130481199,0.001249418535650193,0.11709905188045894,-9.0
168,0.6033407886591013,0.21763972389936312,106.76195415237875,106.76261265837246,106.76383029809637,0.00121763972390454,0.11405183930659721,-8.0
169,0.5996587367882544,0.2723521556102429,106.8259748909428,106.8265202034082,106.8277925555638,0.001272352155609724,0.11910512933850134,-7.0
170,0.6683877522504871,0.24507649930046493,106.89737606418213,106.89786962287386,106.89911469937314,0.001245076499287734,0.11647400012327516,-7.0
171,0.5108442133039232,0.2317862752129915,106.95198397016189,106.95238270246963,106.95361448874485,0.0012317862752126985,0.11517189578795935,-7.0
172,0.5906438679848143,0.2694723044780739,107.01515450366267,107.01559467052654,107.01686414283101,0.0012694723044717193,0.11862547041674092,-7.0
173,0.46836665126868515,0.22273255685926946,107.06527683321254,107.06565181051063,107.0668745430675,0.0012227325568687775,0.11420439875885846,-8.0
174,0.35289263026490636,0.22003212185181098,107.10305938036426,107.10346463447557,107.10468466659744,0.0012200321218642785,0.11391197683079006,-8.0
175,0.2530210567690557,0.24919970541758973,107.13015870963187,107.13049214669394,107.13174134639937,0.0012491997054269177,0.11660579247462691,-7.0
176,0.37030955093292284,0.18840368477379368,107.16983003059501,107.17015586737003,107.1713442710548,0.0011884036847789048,0.11088976108664514,-7.0
177,0.5971371769017394,0.2678788344246549,107.23382512034853,107.23426972972523,107.23553760855965,0.0012678788344260283,0.11823497231429428,-8.0
178,0.6330681390617914,0.2757329676039929,107.30171143846195,107.30227738492601,107.30355311789361,0.0012757329675991969,0.11889213606167277,-8.0
179,0.8943003820961757,0.2546919528253026,107.39767140000095,107.39840508977095,107.39965978172377,0.0012546919528233502,0.11682673715990262,-8.0
180,0.8766928398711785,0.33096695793743336,107.49182616953615,107.49254411065824,107.49387507761618,0.0013309669579371075,0.12382029456248198,-8.0
181,0.9170968390286744,0.28588664307696965,107.59040658353766,107.59115328150398,107.59243916814705,0.0012858866430747184,0.11951684949496892,-8.0
182,0.7478974551368356,0.22508272967008353,107.67087317481864,107.67151875158173,107.67274383431139,0.0012250827296611533,0.11378032828544643,-8.0
183,0.714099353209313,0.2378259501418351,107.74776087571226,107.74838392809238,107.74962175404252,0.0012378259501417688,0.1148818258571154,-8.0
184,0.640485366262908,0.2833697638252604,107.81677173980076,107.81734104469545,107.81862441445928,0.0012833697638257036,0.1190324791882027,-8.0
185,0.7993851256139753,0.2581100637285449,107.90295886342128,107.90363266562507,107.9048907756888,0.0012581100637305553,0.11659643785329507,-8.0
186,0.6051621794298625,0.21539844012209802,107.96825765317399,107.96881771053839,107.9700331089785,0.0012153984401095386,0.11256997811465645,-8.0
187,0.7167643530070439,0.2362430004292136,108.04564545151607,108.04627037747304,108.04750662047346,0.0012362430004202452,0.11441858626084023,-7.0
188,0.7485913559468167,0.32346435911018334,108.12652748774877,108.12706112255879,108.12838458691789,0.0013234643591033546,0.12239959886377644,-6.0
189,0.7886645412228713,0.260505290739524,108.21180304594392,108.21226985121199,108.21353035650272,0.001260505290730407,0.1164850095137246,-6.0
190,0.6940313453236968,0.2555385477843443,108.28690542919179,108.28731335147162,108.2885688900194,0.0012555385477810432,0.11594555618749608,-6.0
191,0.8247729755240677,0.3294645738954618,108.37621754239291,108.37670106333219,108.37803052790609,0.001329464573899486,0.12267124688859406,-6.0
192,0.6271136498550614,0.2845894510549129,108.4441817477334,108.44454224479749,108.44582683424854,0.0012845894510462585,0.11845628141069983,-6.0
193,0.5377175096257607,0.2167401313219313,108.50249408307619,108.50281284424717,108.5040295843785,0.0012167401313263326,0.11213936984662504,-6.0
194,0.42051556843808635,0.21627670735568813,108.54812107105248,108.54836866434428,108.54958494105165,0.0012162767073675695,0.11204954036665726,-6.0
195,0.3744274793154929,0.27057489552721653,108.58876447040956,108.58896705203951,108.59023762693504,0.001270574895528398,0.11700795213252746,-6.0
196,0.5330066587612948,0.27930391933359916,108.64664300493894,108.64694429173306,108.64822359565241,0.0012793039193468303,0.11774905178512278,-7.0
197,0.5706614731105591,0.2991001778984157,108.70864345828464,108.70906458140631,108.71036368158421,0.001299100177902801,0.11950293339842033,-7.0
198,0.37114153841412467,0.24146459961522942,108.74898975145668,108.74929939869756,108.75054086329718,0.001241464599615938,0.11415872482615946,-7.0
199,0.4649366805994247,0.24550483007150678,108.79955114577025,108.79991793379588,108.80116343862596,0.0012455048300807903,0.11447701915718898,-7.0
200,0.577733698589414,0.30711009144957374,108.86240831285858,108.86283233858664,108.8641394486781,0.0013071100914601175,0.12006992236508557,-7.0
201,0.6427074309761001,0.2711282071623967,108.9323749916352,108.93284790930386,108.93411903751101,0.0012711282071506957,0.11668966248540018,-7.0
202,0.6780738340471819,0.26183360211017087,109.00623918479765,109.00673607617084,109.00799790977295,0.001261833602114848,0.1157579246427967,-7.0
203,0.6827369139470127,0.23005094840148144,109.08066176813965,109.08116664325969,109.0823966942081,0.0012300509484077793,0.1127652627394541,-6.0
204,0.7474494374645473,0.3179047409422902,109.16219404741652,109.16262762862468,109.16394553336562,0.0013179047409437317,0.12072904474339133,-6.0
205,0.6781134602899553,0.2499663106731799,109.23621840055486,109.23661722688962,109.23786719320029,0.0012499663106666503,0.11442782704937551,-6.0
206,0.7133231850637044,0.3074319046316988,109.31413912778866,109.3145517225816,109.31585915448622,0.0013074319046211258,0.11960318354542707,-6.0
207,0.6011150976982678,0.2923124982278325,109.37984950721028,109.38019176523798,109.38148407773622,0.0012923124982364698,0.11814904701905637,-6.0
208,0.5228564974454936,0.27870762258914206,109.43703947221474,109.43733440869785,109.43861311632044,0.0012787076225890814,0.11684413510781567,-6.0
209,0.5838669758952819,0.23416715288940237,109.50093614550231,109.50127935664753,109.50251352380042,0.0012341671528872666,0.11270836545610294,-6.0
210,0.38974192204816005,0.20298957740314255,109.54361325082174,109.5438461837681,109.54504917334549,0.0012029895773935095,0.10981832182575786,-6.0
211,0.28890882303688836,0.2557130386900106,109.57526136719724,109.57541490396595,109.57667061700464,0.0012557130386881,0.11459822436380825,-6.0
212,0.1958030303667455,0.17768406959011837,109.59671653542618,109.5968429904462,109.59802067451581,0.0011776840696029467,0.10745614529631192,-6.0
213,0.07291244484242887,0.17776903576161515,109.60470749997548,109.60476155246752,109.60593932150329,0.0011777690357632764,0.10745606303119233,-6.0
214,0.038050909484471845,0.21718446833959973,109.60887805877962,109.60889262403347,109.61010980850182,0.0012171844683450672,0.11104798168742602,-5.0
215,0.10239586769994577,0.17744990403978642,109.62010155495608,109.62007311300636,109.6212505629104,0.0011774499040484443,0.10741186035648315,-5.0
216,0.14902272301900588,0.18942990446678024,109.63643744098742,109.6364313520768,109.63762078198125,0.001189429904457029,0.1084885583861887,-5.0
217,0.236488817986793,0.2707012928141126,109.66236523248614,109.6623801351631,109.66365083645591,0.0012707012928103723,0.11587396369907425,-5.0
218,0.15746930224686284,0.2618798121175857,109.67963368862203,109.67960210238274,109.68086398219486,0.0012618798121195596,0.11505142474326704,-5.0
219,0.1745776071029806,0.24945506719529495,109.69878129661932,109.69876563252363,109.70001508759081,0.0012494550671817706,0.11389871905717117,-6.0
220,0.12154512714240942,0.19200478145243227,109.71211464893938,109.71219108773502,109.71338309251647,0.0011920047814442114,0.10864841911564913,-6.0
221,0.21032414580609535,0.19028237757408553,109.73518975573748,109.73531978711087,109.73651006948843,0.0011902823775642446,0.10846861250376715,-6.0
222,0.23823490414620313,0.2211104320377688,109.76133250815039,109.76146740849775,109.76268851892978,0.001221110432027217,0.11125142198292307,-6.0
223,0.1052218054070031,0.17178820088270033,109.77288179372077,109.77295754845537,109.77412933665624,0.0011717882008781544,0.10674660095743091,-5.0
224,0.22875727485634711,0.22306493773025698,109.79799313901302,109.79802149904522,109.79924456398295,0.0012230649377329428,0.11139228530201321,-5.0
225,0.093658786667698,0.17417420748369233,109.80827668582897,109.80824458459104,109.80941875879851,0.001174174207477563,0.10692948135749161,-5.0
226,0.14006095184520448,0.19931059558087072,109.82365653758207,109.82364087057607,109.82484018117165,0.0011993105955809824,0.10920330222028019,-6.0
227,0.39234120563026864,0.23008192592195115,109.86674488339476,109.86697114834473,109.86820123027064,0.0012300819259110085,0.11196126063592177,-6.0
228,0.33641282379829696,0.2686281315478576,109.90370546528251,109.90388454260278,109.90515317073434,0.0012686281315552606,0.1154308788938884,-6.0
229,0.28926746843004625,0.22685806649091966,109.93549703193354,109.9356610479638,109.93688790603031,0.0012268580665022455,0.11159799151550419,-7.0
230,0.370244605419351,0.2789667538658064,109.97620005665371,109.97649733854735,109.9777763053012,0.0012789667538584126,0.11629486681659841,-7.0
231,0.67968062267131,0.2986811360311437,110.05094874878723,110.0514407524208,110.05273943355684,0.0012986811360349293,0.11800726398092419,-7.0
232,0.8057152534002809,0.24306275616628478,110.1396184768453,110.14019772277899,110.14144078553517,0.0012430627561741403,0.11286245343545201,-7.0
233,0.8823507259658107,0.31771994137840787,110.23680024916595,110.23742273476871,110.23874045471008,0.0013177199413689777,0.11953539456792675,-7.0
234,0.7668261166692746,0.24332624705826705,110.32133270661508,110.32188775101045,110.3231310772575,0.001243326247049481,0.11270043758045799,-7.0
235,0.4366824710612226,0.21712151589939968,110.36950809879218,110.3698652858498,110.3710824073657,0.001217121515907138,0.11027697204355462,-8.0
236,0.21965240000962083,0.2040329720669184,110.39375102613396,110.39408124401393,110.39528527698599,0.001204032972054847,0.10906713114312164,-8.0
237,0.08208670132920355,0.19810553598945263,110.40281288500304,110.40306300650069,110.40426111203668,0.0011981055359910897,0.10852128715588537,-9.0
238,0.06915507695080474,0.23619647046540218,110.41044780002368,110.41077244641946,110.41200864288993,0.0012361964704723505,0.11196372219333443,-9.0
239,-0.10178848500576823,0.1675071874225594,110.3992092878133,110.39946611482567,110.4006336220131,0.001167507187432193,0.10575322006052368,-9.0
240,-0.3112322845825215,0.24388559041873298,110.36484948969056,110.36493397821832,110.36617786380873,0.0012438855904122192,0.11270668117283245,-9.0
241,-0.41077116531032565,0.2656704887075868,110.31951479185638,110.31952200614124,110.32078767662996,0.001265670488720616,0.1147277062547456,-9.0
242,-0.5425548476290676,0.20475336427043994,110.25966040431797,110.25963120524685,110.26083595861112,0.0012047533642771668,0.10926510746173008,-9.0
243,-0.5393462966842348,0.2823958072447619,110.20019226480524,110.20010523918685,110.20138763499409,0.0012823958072374353,0.11636965243725764,-10.0
244,-0.3391248642631398,0.23116908050519813,110.16282063956166,110.16299629499775,110.16422746407827,0.001231169080512018,0.11175903751958585,-10.0
245,-0.169743147538246,0.20265594369783363,110.1441212556446,110.14441785637011,110.14562051231381,0.0012026559437003925,0.10918929943696468,-10.0
246,-0.021326352854243197,0.23284956206518592,110.14177228324989,110.14214271237648,110.14337556193854,0.001232849562057936,0.11193296934494897,-10.0
247,0.11164765050694705,0.21417041018480693,110.15406935334799,110.15453004777972,110.1557442181899,0.0012141704101793493,0.11022474406139098,-10.0
248,-0.0010083591162909078,0.15768244978573642,110.15395827848796,110.15437885358325,110.15553653603304,0.0011576824497865346,0.10509676346443368,-10.0
249,0.1445844766122918,0.2039874040284946,110.16988483089244,110.17036987613476,110.1715738635388,0.001203987404039708,0.10928462037405173,-10.0
250,0.17384637361383784,0.1872227580264052,110.18903746585175,110.18954705165832,110.19073427441636,0.0011872227580340677,0.1077441808493876,-9.0
251,0.35623346629160313,0.25431864103143487,110.22829048861556,110.2287867444337,110.23004106307474,0.0012543186410312046,0.11379280541058118,-8.0
252,0.19261916846638996,0.2247007926845918,110.24952257027095,110.24982817029877,110.25105287109145,0.0012247007926760034,0.11108445316807629,-8.0
253,0.1978731976200117,0.24894883583916066,110.27133799583801,110.27163708817,110.27288603700583,0.0012489488358369272,0.11326142028711635,-9.0
254,0.05708483918174695,0.15697096415885264,110.27763281743385,110.27798735470249,110.27914432566665,0.001156970964160564,0.10491438151161128,-9.0
255,0.09224867699456547,0.1751830583539693,110.28780578316335,110.28817239617536,110.28934757923372,0.001175183058364837,0.10655602856723455,-10.0
256,0.11937677143261949,0.19010379291420956,110.30097158534615,110.30144756882393,110.30263767261684,0.0011901037929078484,0.10789603897432555,-9.0
257,0.3588846339604246,0.24235769217767067,110.34055690915903,110.34105866185575,110.34230101954793,0.0012423576921776203,0.11259302354259697,-9.0
258,0.27036856513226726,0.2063178645546064,110.37038952720646,110.37084944348925,110.3720557613538,0.0012063178645576045,0.10929723721417559,-9.0
259,0.3718702741502121,0.28323188546200523,110.411432994218,110.4119299761718,110.41321320805726,0.0012832318854520963,0.11622273623776772,-9.0
260,0.4611896644553052,0.19625914250470053,110.46235360595263,110.46293132755764,110.46412758670016,0.0011962591425174196,0.10829564131729266,-9.0
261,0.3761536386789352,0.2354270434816822,110.50390442219856,110.5044190638657,110.50565449090917,0.0012354270434684622,0.111799402014639,-10.0
262,0.30240750187170906,0.19470278257870346,110.53732163188194,110.53790492403263,110.53909962681522,0.001194702782584045,0.10808139413425598,-10.0
263,0.2847684155440261,0.255650664743334,110.56879916982153,110.5693501293143,110.57060577997905,0.0012556506647456445,0.11356283817617509,-10.0
264,0.21918218764299435,0.20141380729129438,110.59303388110862,110.59356483845826,110.59476625226554,0.0012014138072800051,0.10863376879339136,-10.0
265,-0.012733906368907422,0.1808909517199307,110.59162559977013,110.59202763561686,110.59320852656859,0.001180890951729907,0.10677941890496649,-11.0
266,0.09196137562838094,0.2011219135293229,110.60179575779325,110.60235042524822,110.60355154716176,0.0012011219135388274,0.10859877141318418,-11.0
267,0.17161480255304168,0.25152911785593957,110.62077666313424,110.62135828903652,110.62260981815439,0.0012515291178658572,0.1131368948599097,-11.0
268,0.24867521278317428,0.2597467136658925,110.6482853083092,110.6489120688434,110.65017181555706,0.0012597467136572504,0.11385144470581769,-11.0
269,0.36532537105790575,0.26372922544489463,110.68870793419637,110.68940690575774,110.69067063498319,0.0012637292254567,0.11416966093849229,-10.0
270,0.47794382505440086,0.2183261706738334,110.74161091865678,110.74229290130653,110.74351122747721,0.0012183261706866233,0.11001521113698828,-10.0
271,0.49682172580660316,0.204990689284955,110.79662975691198,110.79732659434427,110.79853158503354,0.0012049906892741546,0.10875698041699523,-10.0
272,0.39338738215301916,0.262975931090359,110.84021575304344,110.84083268447552,110.84209566040661,0.0012629759310982536,0.11394563990313912,-10.0
273,0.5128421852029303,0.25156490089846373,110.89705929149859,110.89775443668749,110.8990060015884,0.001251564900911717,0.11285825872279576,-11.0
274,0.4110317545380295,0.2363331968652448,110.94264150435228,110.9433774238554,110.94461375705225,0.001236333196857231,0.11143895440859228,-11.0
275,0.5204912016352726,0.2923473262144375,111.00038617314146,111.00117632718472,111.00246867451095,0.0012923473262276275,0.116427281992676,-11.0
276,0.2955708969371109,0.18727977428990478,111.03319465684304,111.03387647962978,111.03506375940407,0.0011872797742853436,0.10693016425896118,-10.0
277,0.21278120195646613,0.24367506896593688,111.0568204334592,111.05733091126272,111.05857458633169,0.0012436750689630571,0.11198547411216563,-10.0
278,0.23823209088141312,0.21522297460962292,111.0832777319977,111.08381487306545,111.08503009604007,0.0012152229746220655,0.10939747182775278,-11.0
279,0.26107975263926614,0.27440186625791757,111.11227932667032,111.11290848599918,111.11418288786544,0.0012744018662544931,0.11469496206695114,-12.0
280,0.07234685379034445,0.17759025608499263,111.12031795049708,111.12097175284408,111.12214934310016,0.00117759025607711,0.10597434184824003,-12.0
281,0.03435613791567203,0.2216079259608078,111.12413561546582,111.12474579636802,111.12596740429399,0.0012216079259701473,0.1099318270692698,-12.0
282,0.025680931025926355,0.18781532722465458,111.12698938672787,111.127610731166,111.12879854649323,0.0011878153272277814,0.10688810466142662,-13.0
283,0.09548110454344458,0.25091426135467937,111.13759991441911,111.13833417662612,111.13958509088748,0.001250914261362368,0.11255545038993352,-12.0
284,0.006114996109914922,0.16247440096401183,111.13827952041025,111.13890183747299,111.14006431187394,0.0011624744009566257,0.10459712044967731,-12.0
285,-0.0855588234218674,0.19837274805856642,111.12877065997735,111.12932020792213,111.1305185806702,0.0011983727480640027,0.1078364082448716,-11.0
286,0.07017671942114176,0.24450154459519358,111.13656931253557,111.13709072928113,111.13833523082572,0.0012445015445905483,0.11197948184731087,-11.0
287,0.0815495990582323,0.21751858847505204,111.14563245520372,111.14617333998585,111.14739085857433,0.0012175185884757411,0.10954263893063466,-10.0
288,0.09317002047739362,0.25755438198820757,111.15598789605555,111.15641770204832,111.15767525643031,0.0012575543819934865,0.11313420048674784,-10.0
289,-0.040639516605944004,0.2218667491276723,111.1514705704396,111.15183480902802,111.15305667577714,0.0012218667491197266,0.10992807768075347,-9.0
290,-0.07493928214801421,0.18343894892408935,111.14314095902536,111.14340489651825,111.14458833546716,0.0011834389489138175,0.1064788109011703,-9.0
291,0.05302105917670222,0.23094976662394473,111.14903388607924,111.14935104432612,111.15058199409276,0.0012309497666365132,0.11074768026307447,-9.0
292,0.16849354689703716,0.20565396516146586,111.16776178103288,111.16816052650675,111.16936618047193,0.0012056539651723597,0.10845356116345456,-10.0
293,0.2613907589820054,0.18608427880223868,111.19682000665914,111.19738198025468,111.19856806453348,0.0011860842787996262,0.1066653056021383,-11.0
294,0.34201323743310197,0.23642802977622548,111.23485079106187,111.23554401442364,111.23678044245342,0.0012364280297845198,0.11115473441924834,-11.0
295,0.3343965454231121,0.2345723841087441,111.27204734089707,111.27273647307517,111.27397104545928,0.0012345723841065137,0.11095081052335032,-10.0
296,0.2952718919747921,0.22354524098784334,111.30490284883933,111.30547171547796,111.30669526071894,0.0012235452409754544,0.10992734458760756,-10.0
297,0.22744503207906147,0.18338730844710133,111.33021859603835,111.33076148016629,111.33194486747475,0.0011833873084583502,0.10629524700317625,-9.0
298,0.3192739025349349,0.23575057389532328,111.36576342939956,111.36624282556676,111.36747857614066,0.001235750573897576,0.11096323823802288,-10.0
299,0.4899602710443818,0.25058860714529374,111.4203282290345,111.42100930409738,111.42225989270453,0.0012505886071494388,0.11224061417039999,-11.0
300,0.41214426288059297,0.20923212936196772,111.46624947808236,111.46699405105998,111.46820328318934,0.0012092321293550867,0.10848414968809535,-12.0
301,0.16796096887019332,0.19041503636184753,111.48497145734103,111.48567622145428,111.48686663649063,0.0011904150363477584,0.10677807248695063,-11.0
302,0.13893358503957393,0.24449565944188673,111.50046046410363,111.50102466739565,111.5022691630551,0.001244495659449285,0.11161349955589978,-12.0
303,0.1532176799360076,0.22561783632953122,111.51754430596772,111.51822539021023,111.51945100804656,0.0012256178363259096,0.10990358906785237,-12.0
304,0.08413983214958046,0.19461701305180534,111.52692737342736,111.5275803223583,111.52877493937136,0.0011946170130556766,0.10711467097589103,-11.0
305,0.1301436493323029,0.19338147672717876,111.54144189475456,111.5420228595264,111.54321624100312,0.0011933814767246531,0.10698996323273942,-10.0
306,0.19954784167823825,0.24527342359899393,111.56369974874234,111.56420135784253,111.56544663126613,0.0012452734235921525,0.11161994684621335,-10.0
307,0.0030510784527917334,0.1591520004368598,111.56404013834275,111.56446233067437,111.56562148267481,0.0011591520004401445,0.10390014551308481,-10.0
308,0.04884948012042119,0.17813528609767587,111.56948998370365,111.56992969170872,111.57110782699482,0.001178135286096449,0.10559654671438695,-11.0
309,0.03141118149523128,0.2293658233734182,111.57299451320286,111.57349913820767,111.57472850403104,0.001229365823377293,0.11018489095332272,-11.0
310,-0.021917983517122416,0.158769747709,111.57054905814816,111.57105697432618,111.5722157440739,0.0011587697477182246,0.10385982299991181,-11.0
311,0.044037213922583224,0.24869295421843,111.5754623142845,111.57596546228675,111.57721415524097,0.0012486929542205871,0.11191465653113612,-11.0
312,-0.03881351283310157,0.22977721814457597,111.5711316786461,111.5715929240501,111.57282270126825,0.001229777218156869,0.11022360351232678,-12.0
313,0.0581455151304872,0.16923145646834706,111.57761903957125,111.57826841662569,111.57943764808215,0.0011692314564584194,0.10479085918151282,-12.0
314,0.07947220339635955,0.1903896807420955,111.58648635880604,111.58713846541109,111.58832885509183,0.0011903896807439196,0.10667865971836632,-12.0
315,0.2712808626893493,0.2192686350671593,111.61675763708995,111.617513384896,111.61873265353105,0.0012192686350545046,0.1092370590999272,-12.0
316,0.1073929852155052,0.18431448837383144,111.62874449389268,111.62941593018266,111.63060024467103,0.0011843144883698642,0.10609404358522183,-12.0
317,0.07369861056068323,0.17449135155783407,111.63697137726052,111.63762741077511,111.63880190212666,0.0011744913515485678,0.10520630728860865,-12.0
318,-0.06622240869743849,0.15912645601563002,111.62957850811623,111.63016056481527,111.63131969127127,0.0011591264560024683,0.10383685681642092,-12.0
319,-0.19446875695368124,0.17012705948461138,111.60787004274448,111.60837120263737,111.60954132969685,0.001170127059481274,0.10484270141820011,-11.0
320,-0.1242199884190906,0.1708080315244838,111.5940061144203,111.59444799152446,111.595618799556,0.0011708080315315783,0.10491674887369111,-10.0
321,-0.12781296085488986,0.23806062362048658,111.57974295408516,111.58004480367634,111.58128286429996,0.0012380606236206404,0.11095747228330682,-10.0
322,-0.10688279887042709,0.2082924726940134,111.56781699886099,111.56814827978398,111.56935657225667,0.001208292472682615,0.10830116651784544,-10.0
323,-0.06851138411163665,0.18768183592285403,111.56017333329608,111.56053880751489,111.5617264893508,0.001187681835915555,0.10646109632397652,-10.0
324,0.009407697240701451,0.2138952269619862,111.56122285763092,111.56162161999684,111.5628355152238,0.0012138952269538095,0.10880978137922746,-9.0
325,0.07608243002677778,0.2373643802114601,111.56971070656269,111.57003909521701,111.57127645959723,0.001237364380216377,0.1109050451399614,-9.0
326,0.10506876241450736,0.18977978101320186,111.58143319798957,111.58180081244363,111.58299059222465,0.0011897797810149768,0.10662883124146982,-9.0
327,0.08990590149226828,0.1985077037938977,111.59146502733104,111.59181964993692,111.59301815764073,0.0011985077038048075,0.10740137729272291,-9.0
328,0.06370107203251173,0.24019668910794484,111.59857352328297,111.59889292586773,111.60013312255684,0.001240196689110462,0.11113015605452323,-9.0
329,0.1573186679738867,0.25924469657268046,111.61613006221744,111.6164994912183,111.61775873591488,0.0012592446965697945,0.11281924000302304,-9.0
330,0.22849131950441767,0.19429588276447352,111.64163337905332,111.642072674233,111.64326697011576,0.001194295882754659,0.10697585180429095,-10.0
331,0.1561530170933276,0.2514795332509571,111.65906655693868,111.65953852832455,111.66079000785778,0.001251479533237898,0.11208042229152318,-10.0
332,0.13902104000926524,0.2629735569877291,111.67458951649789,111.6750458196681,111.67630879322508,0.0012629735569760214,0.11309408545347195,-10.0
333,0.08104922778714466,0.19115733309251873,111.68364065574166,111.68409334826612,111.68528450559921,0.001191157333096271,0.10665459382434929,-10.0
334,0.06459067553366508,0.1629254628546622,111.69085437753766,111.69131047187686,111.69247339733973,0.0011629254628644503,0.10412002570358422,-10.0
335,-0.058702288605445435,0.2472085256879538,111.68429786876939,111.68463765750914,111.68588486603483,0.0012472085256831633,0.11167268358069912,-10.0
336,-0.15449685911037409,0.22102273293848312,111.66704299553672,111.66733816208168,111.66855918481463,0.0012210227329489953,0.10934495086413268,-10.0
337,-0.23625562605681158,0.2255119627187091,111.6406610283839,111.64090350535454,111.64212901731727,0.0012255119627297972,0.10977290455295843,-10.0
338,-0.2677890006249498,0.2103896433698846,111.61076488733801,111.61099762799984,111.61220801764321,0.00121038964337572,0.10844739256087975,-10.0
339,-0.1371513570472373,0.23209030197107705,111.59545731947263,111.59575678289318,111.59698887319516,0.00123209030198268,0.11040685092185101,-10.0
340,-0.05091315282314132,0.20019371113857612,111.58977564289975,111.59014499322127,111.5913451869324,0.0012001937111278949,0.10755409303524852,-10.0
341,-0.0692643819678679,0.20411784961133947,111.58204644605591,111.58240268589176,111.58360680374139,0.0012041178496247085,0.10791322510891897,-10.0
342,-0.10619738051672264,0.17419356212659345,111.57019672501065,111.57054728008933,111.57172147365145,0.0011741935621216726,0.10524258239104226,-11.0
343,0.020554800512101595,0.18490471377969164,111.57249002814743,111.57300975353054,111.57419465824431,0.0011849047137673097,0.1062004364578027,-12.0
344,0.21554099024902534,0.21378139088964082,111.59653847313265,111.59726239225867,111.59847617364957,0.0012137813909021133,0.10876514697580306,-12.0
345,0.12043146074841095,0.19413582734925744,111.60997820727543,111.61065304512276,111.61184718095011,0.001194135827347509,0.10699185203045472,-12.0
346,0.22178739777348078,0.23472960454849978,111.63473189390757,111.63545145283825,111.63668618244282,0.001234729604561835,0.11060443140001126,-12.0
347,0.27671825048326043,0.23734348394073645,111.66562326161042,111.6663757876305,111.66761313111445,0.0012373434839503261,0.11080791454067072,-12.0
348,0.30665858974535715,0.22857445894189377,111.69986648416285,111.70064057338887,111.7018691478478,0.0012285744589348724,0.10998889234205694,-11.0
349,0.06355509486906294,0.1857752180290227,111.70696557977412,111.70751037319333,111.70869614841136,0.0011857752180333136,0.1061505172823361,-10.0
350,0.22456207440814124,0.21831165533714125,111.73205072769055,111.73257836515917,111.73379667681452,0.001218311655350135,0.10903869099470496,-10.0
351,0.1148452391722295,0.17241701827376918,111.74488262177957,111.74536373652687,111.74653615354514,0.0011724170182674243,0.10491907913453882,-11.0
352,-0.006731974478498895,0.24322416288013035,111.74413035808165,111.74460456132353,111.74584778548642,0.0012432241628914653,0.11125632808699486,-11.0
353,-0.05603460710411002,0.22297293836478843,111.73786881964084,111.7383230687676,111.73954604170596,0.0012229729383648191,0.10945017578050047,-11.0
354,0.021432090468761524,0.24627364278987146,111.74026359575417,111.74075381405751,111.74200008770029,0.001246273642777851,0.1115330859864918,-11.0
355,0.02669551742461064,0.24001327800641714,111.74324655990803,111.74374310466706,111.74498311794505,0.0012400132779930573,0.11096986316110466,-11.0
356,-0.0744389212561325,0.18659656647109574,111.73492851317646,111.73539105040902,111.73657764697549,0.0011865965664696887,0.1061974605666623,-10.0
357,-0.043116193346760735,0.18719227379224115,111.73011092839509,111.73049173865239,111.73167893092618,0.0011871922737896057,0.10625535622625902,-9.0
358,-0.08747813096519805,0.25129487800338407,111.72033698711854,111.72055660921093,111.72180790408895,0.0012512948780170063,0.1120024260364773,-9.0
359,-0.07900264857985367,0.2125507125712935,111.71151078459633,111.71175661188113,111.71296916259371,0.001212550712580196,0.10854304127336108,-10.0
360,0.06695147146792665,0.24480030411371775,111.71899003462326,111.71940930507724,111.72065410538134,0.0012448003041072297,0.11142244516545029,-10.0
361,0.055310358071281346,0.17862027087701735,111.72516925196545,111.72561253678462,111.7267911570555,0.0011786202708776727,0.10549281587746967,-10.0
362,0.02091339586810385,0.24635960912814353,111.72750580465846,111.72789565765986,111.72914201726898,0.0012463596091265572,0.11155351586436206,-10.0
363,-0.01900814194177297,0.18475016153751736,111.72538207236933,111.72577843733895,111.72696318750049,0.0011847501615420697,0.10604127187272952,-10.0
364,0.02183884088778321,0.24522355941721669,111.72782202521152,111.72821301055141,111.72945823411082,0.0012452235594082595,0.11145152002759645,-10.0
365,0.09712264878436971,0.22843176052129113,111.73867332722953,111.7391187656225,111.74034719738302,0.0012284317605235628,0.10993792247076976,-10.0
366,0.23698426125202077,0.1894933022715149,111.76515363418126,111.76569983312588,111.76688932642814,0.0011894933022631449,0.10642792172562816,-10.0
367,0.11046127468042113,0.24963609486118618,111.77749935551655,111.7779435556671,111.77919319176195,0.0012496360948546226,0.11179674818811818,-10.0
368,0.10583042816418167,0.16353307906335213,111.78932881613248,111.78980861819493,111.79097215127398,0.0011635330790511489,0.10408266078463455,-10.0
369,0.08461293199754383,0.18025691508698655,111.79878763900966,111.79924744305117,111.80042769996626,0.0011802569150916042,0.10556974185646538,-10.0
370,0.19484857148330287,0.26882464361301545,111.8205714730747,111.82106067508754,111.82232949973114,0.001268824643602784,0.11346969764935466,-10.0
371,0.16963010343496615,0.25513906147850135,111.83953960817983,111.84001849333352,111.84127363239499,0.001255139061470345,0.1122267729165925,-11.0
372,0.15070257025070713,0.2026492948656583,111.85639411425444,111.85698341077692,111.85818606007179,0.001202649294867797,0.10751725946389479,-11.0
373,0.17210991120695818,0.23443065974106622,111.87564570831337,111.87623472185912,111.87746915251886,0.001234430659735608,0.11033953385655218,-11.0
374,0.13976781242210837,0.1653584134959061,111.89128232257734,111.89188108316866,111.89304644158214,0.0011653584134876382,0.10415095700914075,-11.0
375,0.22743568463792202,0.22677321919328497,111.91673039297739,111.91735651237128,111.91858328559049,0.0012267732192015046,0.10961481941921374,-11.0
376,0.22710841488298028,0.2139333537720712,111.94214762421582,111.9427785047788,111.94399243813257,0.0012139333537675157,0.1084429215921986,-11.0
377,0.24933501766561855,0.25414462269855675,111.97005872157122,111.9706880003457,111.9719421449684,0.0012541446226919106,0.11200714164225918,-11.0
378,0.2933159292272542,0.24985583142632128,112.00290132339077,112.00355969678735,112.00480955261877,0.0012498558314177899,0.1115913799240814,-11.0
379,0.2819132469053572,0.2664194352924952,112.03447642496567,112.0351217254555,112.0363881448908,0.0012664194352964842,0.1130383678049908,-11.0
380,0.35632625497788395,0.21192561360743986,112.0743972503786,112.0751072080294,112.076319133643,0.0012119256136031709,0.10813581365025605,-11.0
381,0.2010373800735406,0.25686135968824003,112.09692839357514,112.09752630095272,112.0987831623124,0.0012568613596783962,0.11212272964924822,-11.0
382,0.25264407703072955,0.24478741308419927,112.12524901858711,112.12588386896411,112.12712865637718,0.0012447874130714354,0.11101758292327946,-11.0
383,0.26985836526367246,0.26785124497356405,112.15550695499205,112.15614409950174,112.1574119507467,0.0012678512449610935,0.11304404744654059,-11.0
384,0.29445865519178693,0.21444948458428806,112.18853211474237,112.18920369258109,112.19041814206568,0.0012144494845927056,0.10825076874618617,-11.0
385,0.21418825048911355,0.17454321243399581,112.21256158016098,112.21320009523265,112.2143746384451,0.0011745432124428135,0.10467127707478259,-12.0
386,0.11123124931898072,0.22580422045494727,112.22504312357482,112.22569839533202,112.22692419955249,0.0012258042204678077,0.10922733343198922,-12.0
387,0.022216004662119065,0.1759861247503376,112.22753631565607,112.22816138545029,112.22933737157506,0.0011759861247639947,0.1047858808426806,-12.0
388,0.11652334169067673,0.25384402773238446,112.24061344321727,112.24125957225144,112.24251341627917,0.0012538440277296559,0.11171036840100468,-12.0
389,0.22726236463041338,0.20541148835789333,112.26612151043595,112.26685577702436,112.26806118851273,0.0012054114883710554,0.10737090336366556,-11.0
390,0.3836436023144877,0.219954308743939,112.3091916897101,112.30991572638857,112.3111356806973,0.0012199543087376696,0.10862461837568751,-11.0
391,0.27491808065577095,0.21467189507357554,112.34006751712944,112.3407271488149,112.34194182070998,0.0012146718950702962,0.1081245473601914,-11.0
392,0.1514500063601536,0.19249116130695476,112.35708142106941,112.35767547688573,112.35886796804704,0.0011924911613050426,0.10613404568921318,-11.0
393,0.15528648379133836,0.211589857416211,112.37452895717233,112.375117234008,112.3763288238654,0.0012115898574052153,0.10781712445415195,-11.0
394,0.026604978926204198,0.22232016282336658,112.37751867914707,112.37802377896675,112.37924609912956,0.0012223201628103197,0.10876910054405171,-11.0
395,2.8113554219819092e-05,0.18996529278752822,112.37752183847853,112.3780268725592,112.37921683785198,0.0011899652927809257,0.1058899745530317,-12.0
396,-0.06379358097601401,0.25529590855237677,112.37035287393925,112.37088518607437,112.37214048198292,0.0012552959085496695,0.11171059593965159,-12.0
397,-0.16967571214862986,0.20278713031474632,112.35128635429098,112.35178291884436,112.35298570597469,0.001202787130324623,0.10705592871733821,-12.0
398,-0.08545276505402484,0.2043417005393026,112.34168562621463,112.34223199820016,112.3434363399007,0.0012043417005429546,0.10720345647563657,-12.0
399,0.07197435746944074,0.22834485246821665,112.34977134685462,112.35040137909414,112.35162972394662,0.001228344852478358,0.10933220760068303,-12.0
400,0.04328619964375818,0.24327306864069986,112.35463454148707,112.35523981323588,112.35648308630452,0.001243273068638473,0.11065614460072788,-12.0
401,-0.10639539231174147,0.1740749649318659,112.34268052606699,112.34323103050127,112.3444051054662,0.001174074964922056,0.10450836311045955,-12.0
402,-0.16127286050444123,0.17947282855135058,112.3245627006218,112.32507785572905,112.32625732855759,0.001179472828539474,0.10500577969603302,-12.0
403,0.0779758327782436,0.1747483371813384,112.33332130193983,112.3339797287612,112.33515447709837,0.001174748337177789,0.10457701451025313,-13.0
404,0.03543059216437221,0.2246084135486915,112.33730133803336,112.33801072812722,112.33923533654075,0.0012246084135369983,0.10901173510052892,-12.0
405,-0.0012757770369024174,0.15052972508901924,112.33715802068392,112.33778202191166,112.33893255163676,0.0011505297250948843,0.10241755669865216,-12.0
406,0.0714298433123636,0.24511213375402705,112.34518224627949,112.34580415929493,112.34704927142867,0.0012451121337448967,0.11082915251456016,-11.0
407,-0.06921214535677497,0.18324202235572493,112.33740659519573,112.33787402682512,112.33905726884748,0.0011832420223640838,0.10532929842575581,-11.0
408,-0.105301268399801,0.24311379854157403,112.32557732379252,112.32599031616336,112.32723342996191,0.0012431137985515761,0.11067059063210022,-11.0
409,-0.12232406934865928,0.23181228133484277,112.31183720208233,112.3122459557962,112.31347776807753,0.0012318122813326227,0.10967786762460548,-12.0
410,-0.058888101174841084,0.22809205879884914,112.30522337125004,112.30577316521592,112.30700125727472,0.0012280920587954824,0.1093530667523584,-12.0
411,0.10166442122198227,0.1756107947277132,112.31664081678427,112.31731277028243,112.31848838107715,0.0011756107947178407,0.10466933360618819,-12.0
412,0.09245448277928046,0.17350493825777327,112.32702499371848,112.3276924891454,112.32886599408367,0.0011735049382650686,0.10447218185745533,-11.0
413,0.1521227082417968,0.1704299992091669,112.34411248496926,112.3447162944603,112.3458867244595,0.001170429999206135,0.10418258450016499,-10.0
414,0.028594077397641263,0.2481956644070629,112.34732486121682,112.34771860888634,112.34896680455074,0.001248195664402374,0.11110150294582234,-10.0
415,0.152669943767676,0.2396667254509758,112.36447692098584,112.36495171754775,112.3661913842732,0.0012396667254392923,0.11032550138697483,-10.0
416,0.17469332900839804,0.266664073121854,112.38410624552144,112.38458355236672,112.38585021643983,0.0012666640731140433,0.11270847056849913,-10.0
417,0.2798380076464402,0.2603472148226954,112.41555558990432,112.41610176282369,112.4173621100385,0.0012603472148100536,0.11211501897547366,-10.0
418,0.43375391241896666,0.27860213663684685,112.4643162769582,112.46495427522949,112.46623287736612,0.001278602136636664,0.11368958430227216,-10.0
419,0.6257664299568206,0.22719998979445707,112.53469267065238,112.53546304093571,112.5366902409255,0.0012271999897848218,0.10905081452316083,-10.0
420,0.6330802736491888,0.21921497982013544,112.60593616468334,112.60671248766997,112.60793170264978,0.0012192149798124774,0.10827270935605084,-10.0
421,0.6307521919959985,0.2701012767606579,112.67696260575097,112.67772811469479,112.67899821597155,0.0012701012767593056,0.11272058168654259,-10.0
422,0.3052465001110255,0.1806887267526284,112.71135685422952,112.71194671041694,112.71312739914369,0.001180688726748258,0.10475330611761262,-10.0
423,0.17106785891186488,0.22050588814071814,112.73063814472164,112.7311322864421,112.73235279233025,0.0012205058881420427,0.108267451353835,-10.0
424,0.011368493972997495,0.20735998425261618,112.73191972230197,112.7323229052422,112.73353026522645,0.0012073599842494787,0.10710009970766288,-10.0
425,0.08003925078316897,0.17224943453524952,112.74094270069588,112.74140348896185,112.7425757383964,0.001172249434546302,0.10397726029827373,-11.0
426,0.0887376006208835,0.17016717165271453,112.75094706144289,112.75151389677062,112.75268406394228,0.0011701671716650708,0.10378335634089138,-12.0
427,0.14314711776933395,0.23590029848994976,112.7670870345405,112.76775754217404,112.76899344247254,0.0012359002984965173,0.10959760786566755,-12.0
428,0.2742234416360303,0.18240786429093359,112.79801041325037,112.7987813312952,112.7999637391595,0.0011824078642916902,0.104825241150955,-11.0
429,0.21160870568434037,0.18648160046490708,112.82187945423767,112.82251174835534,112.8236982299558,0.0011864816004560907,0.10516414069642815,-11.0
430,0.14263188477317107,0.1654843278304957,112.83797145154789,112.83857182699714,112.83973731132497,0.0011654843278279259,0.1032883091423156,-11.0
431,0.17126692010011518,0.22070220389967937,112.85729686338874,112.8578910452402,112.8591117474441,0.0012207022039092408,0.10816333882131465,-12.0
432,0.2347917255861492,0.1773027059652851,112.88379482286427,112.88454438197822,112.88572168468419,0.0011773027059689412,0.10429333172368528,-12.0
433,0.07897263760873768,0.21189888716376648,112.89270955388471,112.89335145786694,112.8945633567541,0.0012118988871634429,0.10734961468747391,-13.0
434,0.06597257146269368,0.21915778563657848,112.90015737623337,112.90088801282762,112.90210717061326,0.0012191577856413005,0.10798548150633008,-13.0
435,0.05469619356692293,0.25445814854404386,112.90633258509496,112.90703966306354,112.90829412121208,0.0012544581485371964,0.11110609297239724,-13.0
436,-0.11180695146481576,0.2605706250047272,112.89370887224754,112.89430811665571,112.8955686872807,0.0012605706249928517,0.1116599532060139,-13.0
437,-0.13483247202024773,0.1842196788553844,112.87848713440476,112.87911518893198,112.88029940861084,0.001184219678862064,0.10491101616661552,-13.0
438,-0.24962040499550842,0.19602238941503428,112.85031036073099,112.85086307373966,112.85205909612908,0.001196022389422069,0.10598308375040624,-13.0
439,-0.04353923560516279,0.15917616785593067,112.84539694448007,112.846092121574,112.84725129774185,0.0011591761678459989,0.10272250346341671,-13.0
440,-0.01977378510042371,0.21952135753642588,112.84316556385131,112.84384374589592,112.84506326725347,0.001219521357540998,0.10807223915133278,-13.0
441,0.14219694536691388,0.21234920499090365,112.85921151730004,112.85999153887438,112.86120388807937,0.0012123492049909146,0.10742137825454107,-13.0
442,-0.05487860009018625,0.206598117265368,112.85301796176468,112.85368155449827,112.85488815261554,0.0012065981172781903,0.10691766503639216,-13.0
443,-0.028891393835700822,0.205654442266269,112.8497574807772,112.85043723703741,112.85164289147967,0.0012056544422591742,0.1068371318799285,-12.0
444,-0.1165103740439152,0.24394142536491503,112.83660931332234,112.83711487656927,112.83835881799465,0.001243941425371986,0.11024271581201413,-13.0
445,-0.05720662173090764,0.22057765060302698,112.83015431209596,112.83080911070869,112.83202968835928,0.0012205776505993526,0.10817831970903372,-13.0
446,-0.04477364042911834,0.23182734742513467,112.82510249533723,112.82575900496616,112.82699083231358,0.0012318273474249963,0.10918025511883798,-14.0
447,0.06695552152395909,0.15810708440103113,112.83265675891582,112.83351647620553,112.83467458328992,0.001158107084393123,0.10263935261824024,-14.0
448,0.09990633094150853,0.19665488934705494,112.84392945566297,112.844790904918,112.84598755980736,0.0011966548893553863,0.10604512756050018,-14.0
449,0.1025524890472844,0.24478824768058327,112.85550188150252,112.85634331544526,112.85758810369293,0.0012447882476749328,0.11029929661576905,-13.0
450,0.030964716648098994,0.2193464130101947,112.85899642014046,112.85970562529204,112.86092497170506,0.0012193464130234588,0.10804157858042569,-13.0
451,-0.04179693289563329,0.20598938191381247,112.85427926024042,112.85495106222083,112.85615705160274,0.0012059893819014178,0.10686253014122954,-13.0
452,-0.022426366983181643,0.23665612077118425,112.85174834875811,112.85241615384572,112.85365280996649,0.0012366561207670657,0.10958236260064771,-13.0
453,0.0782124236691401,0.17695326037745168,112.86057475751176,112.8613323070651,112.86250926032547,0.0011769532603693733,0.10428382656194454,-13.0
454,-0.030932842724253354,0.1865784996010172,112.85708365910301,112.85777201773016,112.85895859622977,0.0011865784996132334,0.1051399222043892,-13.0
455,-0.23549061280322386,0.1757748945541526,112.83050687531293,112.83108054589043,112.83225632078499,0.0011757748945626645,0.10420718005476952,-13.0
456,-0.19984964346102074,0.17151753151651036,112.80795773874239,112.80855491629615,112.80972643382765,0.0011715175315032411,0.1038506108067675,-13.0
457,-0.3231790887142678,0.23545374332145963,112.77150056576066,112.77198320248154,112.77321865622487,0.001235453743333892,0.10955372032257915,-13.0
458,-0.31205533937031404,0.20103461139366302,112.73630961688032,112.736821704943,112.7380227395544,0.0012010346113981996,0.1065348524782973,-13.0
459,-0.1967415274317305,0.1892470840373679,112.71412970312927,112.71471809244336,112.71590733952739,0.0011892470840280112,0.10551002675177416,-13.0
460,-0.14751933379925247,0.2204545780188156,112.6975021898057,112.69810194219355,112.69932239677158,0.0012204545780321041,0.10829473185453643,-13.0
461,-0.3180990580279079,0.22330155245456423,112.66165322051702,112.66214700420504,112.66337030575748,0.0012233015524429902,0.10858189254941739,-13.0
462,-0.2287862216879705,0.21664221923098362,112.63587778654758,112.63643028994973,112.63764693216895,0.001216642219219466,0.1080155136292437,-13.0
463,-0.2580293346304569,0.23361995632828142,112.6068144259468,112.60733846090037,112.6085720808567,0.0012336199563378614,0.10955109267824306,-14.0
464,-0.30678218270958063,0.194130644960147,112.57226866162922,112.5728884273039,112.57408255794886,0.001194130644961433,0.10607680374202656,-14.0
465,-0.1627100461558919,0.17678615533163167,112.55395202259942,112.55466789205694,112.55584467821227,0.0011767861553266812,0.10455307292012254,-14.0
466,-0.06868763303562267,0.24680358975320676,112.54622095804619,112.54695473625759,112.54820153984735,0.0012468035897654772,0.11078147086166915,-14.0
467,-0.1532873834748709,0.20805522231626214,112.52896904231555,112.52967242489234,112.53088048011466,0.0012080552223210361,0.1073550422262162,-14.0
468,-0.09745154594863464,0.25101214800370175,112.51800292031837,112.51871645771045,112.51996746985846,0.0012510121480033831,0.11118328761036665,-15.0
469,0.0020614993613710525,0.16438313054955522,112.51823487610953,112.5191538847318,112.52031826786234,0.001164383130543456,0.1034839492305868,-15.0
470,0.24287823452086235,0.19469188676846608,112.54556310634766,112.54661084273239,112.54780553461917,0.0011946918867806744,0.1061518423122353,-15.0
471,0.3885764068325088,0.24794277554500513,112.58929565686446,112.59041414603652,112.59166208881206,0.0012479427755351935,0.11084026845132036,-15.0
472,0.3807499730935473,0.18848092304849248,112.63216402815642,112.63329604473464,112.63448452565768,0.0011884809230480187,0.10551878615693787,-15.0
473,0.20621258142758941,0.1771864293964778,112.65539019745243,112.65642297956394,112.65760016599334,0.0011771864294018997,0.10449446114727676,-15.0
474,0.1106735781027213,0.18262725802653512,112.66785817257814,112.66883230174422,112.67001492900225,0.0011826272580321984,0.1049658063278986,-16.0
475,0.03969141580174243,0.20229685600715389,112.67233011938437,112.67335283138857,112.67455512824458,0.0012022968560074787,0.10670737480387239,-16.0
476,0.13542021117885464,0.16575342572411078,112.68758823012317,112.68868428669784,112.68985004012357,0.001165753425738103,0.103450028884945,-16.0
477,0.08727540791855448,0.24845635783495976,112.69742308535332,112.69845333694334,112.69970179330119,0.0012484563578425423,0.11077949465596942,-16.0
478,0.06164481853979924,0.1585248290139006,112.70437029754932,112.70542674366123,112.70658526849024,0.0011585248290089112,0.10279324803024985,-15.0
479,0.052978995915889816,0.19734984233851519,112.710341261923,112.71127430419804,112.71247165404037,0.0011973498423287765,0.10623247422756919,-15.0
480,0.1662039205554004,0.2415806009562288,112.72907416252788,112.73005655000918,112.73129813061013,0.0012415806009471453,0.11013845453543673,-15.0
481,0.18111152768681524,0.1737022984415828,112.74949069736418,112.75051013172312,112.75168383402156,0.001173702298444823,0.10409823505058738,-15.0
482,0.1877208118912616,0.18258495667656555,112.77065612329821,112.77167582872397,112.77285841368064,0.0011825849566662328,0.10486637191977044,-15.0
483,0.21894846319748254,0.21244876940073418,112.79534708515018,112.79637359266286,112.79758604143225,0.001212448769393859,0.10749102695508983,-16.0
484,0.318428334273567,0.24724680713476482,112.83126431963633,112.83243927559437,112.8336865224015,0.0012472468071393905,0.11054088728511471,-16.0
485,0.26162136515717976,0.22237623168943782,112.86078338904005,112.86193210079344,112.86315447702512,0.0012223762316807552,0.10830832420036707,-16.0
486,0.4125699119371104,0.19728121982367589,112.90734635250402,112.90859469299782,112.90979197421764,0.0011972812198166594,0.10604103793907883,-16.0
487,0.29668316565944675,0.23355955317837257,112.94084406144609,112.94201026984612,112.94324382939931,0.0012335595531851595,0.10922174023367796,-15.0
488,0.3165285138539478,0.2503877418156255,112.97659305897027,112.97766575678618,112.97891614452799,0.0012503877418055254,0.11067670815253403,-15.0
489,0.12974200090100782,0.1966393281997431,112.99125086820871,112.99223017573499,112.9934268150632,0.0011966393282136778,0.10590548551492893,-16.0
490,-0.030668990154219505,0.2504657238359244,112.98778554064832,112.9887411325259,112.98999159824974,0.0012504657238423533,0.11067264641561522,-16.0
491,0.01839625641416764,0.23253239160998795,112.9898640929228,112.99085916371794,112.99209169610955,0.001232532391611585,0.10908344757348774,-16.0
492,0.06511176927730283,0.1677267603224966,112.99722106288431,112.99827521588185,112.99944294264216,0.0011677267603147357,0.10334119275949998,-16.0
493,-0.13545979915537276,0.21832140521777593,112.981914482014,112.98282280452496,112.98404112593018,0.001218321405218603,0.10783331215480085,-16.0
494,-0.026622027903539874,0.2337532635222076,112.97890667433407,112.9798733751954,112.98110712845893,0.001233753263534254,0.109202089120104,-16.0
495,-0.08253910398116301,0.24653018861159687,112.9695814966084,112.97050678777167,112.97175331796028,0.0012465301886095403,0.11034210909659464,-16.0
496,0.04694903316341195,0.21284191406151506,112.97488530923654,112.97590735915713,112.97712020107119,0.0012128419140537972,0.1073550029047596,-16.0
497,0.05900458474606826,0.20345403906010137,112.98155134543096,112.98258512306434,112.9837885771034,0.0012034540390573056,0.10651774778502136,-16.0
498,0.10862969851010318,0.18657802938105644,112.9938244972908,112.9948956570829,112.99608223511228,0.0011865780293760508,0.1050126442445092,-15.0
499,0.0774762751764334,0.21317235242851645,113.0025788379308,113.00351924779208,113.00473242014452,0.0012131723524362314,0.10735793509422231,-15.0
